member_id,segment,tier,propensity,propensity_tier,flights,points_redeemed,purchases,purchase_spend_usd,days_since_purchase,points_balance,home_airport
M0037799,Engaged Points Buyers,Base,0.9962,High,23.0,996900.0,48.0,43923.25,17.0,1094183,YYZ
M0018195,Engaged Points Buyers,Silver,0.9927,High,14.0,930100.0,36.0,29474.04,3.0,493568,YYZ
M0006872,Engaged Points Buyers,Base,0.9926,High,12.0,841300.0,31.0,35432.33,32.0,901996,YYZ
M0034658,Engaged Points Buyers,Elite,0.9923,High,7.0,633100.0,29.0,27901.9,14.0,595963,YUL
M0027556,Engaged Points Buyers,Gold,0.9917,High,25.0,1206800.0,35.0,30141.36,92.0,181481,YVR
M0021688,Engaged Points Buyers,Silver,0.9916,High,18.0,1217400.0,35.0,30393.76,18.0,232629,YUL
M0002251,Engaged Points Buyers,Silver,0.986,High,29.0,1569400.0,27.0,25398.260000000002,9.0,0,YYZ
M0014558,Engaged Points Buyers,Gold,0.9855,High,14.0,1076100.0,24.0,23802.9,38.0,187626,YYZ
M0011896,Engaged Points Buyers,Platinum,0.9852,High,11.0,641300.0,22.0,21018.37,29.0,312646,YEG
M0023656,Engaged Points Buyers,Gold,0.9849,High,12.0,599800.0,24.0,17811.59,1.0,275642,YYZ
M0015217,Engaged Points Buyers,Gold,0.9848,High,7.0,459300.0,21.0,16191.869999999999,54.0,413588,YVR
M0019237,Engaged Points Buyers,Silver,0.9839,High,11.0,802800.0,20.0,19338.93,3.0,221499,YWG
M0034264,Engaged Points Buyers,Silver,0.9827,High,14.0,506200.0,22.0,23659.46,61.0,510520,YYZ
M0002955,Engaged Points Buyers,Platinum,0.9817,High,19.0,745700.0,25.0,25350.16,7.0,366147,YVR
M0032909,Engaged Points Buyers,Base,0.9809,High,6.0,282600.0,24.0,21517.48,15.0,799202,YUL
M0024673,Engaged Points Buyers,Silver,0.9809,High,13.0,1205600.0,18.0,16575.09,10.0,0,YEG
M0037045,Engaged Points Buyers,Base,0.9805,High,50.0,2406400.0,20.0,16496.96,31.0,0,YYZ
M0015755,Engaged Points Buyers,Gold,0.9801,High,18.0,1461700.0,22.0,21533.95,53.0,0,YHZ
M0018737,Engaged Points Buyers,Platinum,0.9798,High,20.0,556800.0,22.0,27465.38,31.0,695816,YVR
M0002818,Engaged Points Buyers,Silver,0.9798,High,19.0,1002300.0,22.0,22707.76,85.0,103136,YUL
M0037393,Engaged Points Buyers,Silver,0.9796,High,13.0,813900.0,25.0,19381.27,2.0,100385,YUL
M0007839,Engaged Points Buyers,Gold,0.9792,High,9.0,416800.0,23.0,25568.96,19.0,898514,YVR
M0028326,Engaged Points Buyers,Platinum,0.979,High,12.0,784200.0,18.0,17415.85,8.0,140194,YOW
M0006740,Engaged Points Buyers,Silver,0.9787,High,16.0,1964800.0,17.0,13600.33,101.0,0,YYZ
M0039652,Engaged Points Buyers,Gold,0.9787,High,1.0,161400.0,22.0,19838.14,58.0,813436,YHZ
M0028797,Engaged Points Buyers,Gold,0.9785,High,5.0,157500.0,19.0,17401.510000000002,139.0,627648,YWG
M0023400,Engaged Points Buyers,Base,0.9774,High,7.0,504400.0,18.0,19058.84,7.0,316365,YUL
M0013513,Engaged Points Buyers,Gold,0.976,High,10.0,971800.0,15.0,13549.18,74.0,0,YVR
M0011477,Engaged Points Buyers,Silver,0.975,High,16.0,673300.0,18.0,21184.92,13.0,415109,YYZ
M0026180,Engaged Points Buyers,Silver,0.975,High,13.0,534500.0,20.0,22629.86,20.0,507442,YYZ
M0035878,Engaged Points Buyers,Gold,0.9747,High,7.0,477100.0,16.0,15729.43,4.0,312652,YUL
M0005364,Engaged Points Buyers,Gold,0.9745,High,14.0,969300.0,20.0,18266.1,8.0,0,YYZ
M0013053,Engaged Points Buyers,Silver,0.9744,High,30.0,2139000.0,19.0,19947.14,12.0,0,YUL
M0003558,Engaged Points Buyers,Base,0.9743,High,14.0,1025900.0,19.0,14257.0,30.0,0,YVR
M0039149,Engaged Points Buyers,Base,0.974,High,15.0,1128500.0,20.0,18653.89,35.0,0,YWG
M0026637,Engaged Points Buyers,Base,0.9737,High,6.0,680500.0,14.0,13316.59,34.0,0,YUL
M0036014,Engaged Points Buyers,Platinum,0.9736,High,14.0,1340500.0,17.0,13351.53,54.0,0,YYC
M0035640,Engaged Points Buyers,Platinum,0.9731,High,10.0,1123200.0,15.0,16139.69,67.0,0,YUL
M0032945,Engaged Points Buyers,Gold,0.9724,High,14.0,855700.0,17.0,12733.74,13.0,0,YYZ
M0013213,Engaged Points Buyers,Silver,0.9722,High,45.0,2316300.0,17.0,17230.85,27.0,0,YEG
M0009941,Engaged Points Buyers,Platinum,0.9721,High,14.0,835100.0,15.0,12401.29,40.0,0,YHZ
M0034923,Engaged Points Buyers,Gold,0.9719,High,13.0,652200.0,19.0,19272.18,1.0,432238,YUL
M0025219,Engaged Points Buyers,Gold,0.9711,High,6.0,448100.0,16.0,17783.760000000002,43.0,431260,YUL
M0008588,Engaged Points Buyers,Silver,0.9706,High,10.0,537800.0,18.0,16084.6,49.0,256850,YUL
M0003895,Engaged Points Buyers,Gold,0.9699,High,8.0,566700.0,16.0,13456.02,11.0,224667,YOW
M0027352,Engaged Points Buyers,Silver,0.9698,High,14.0,794000.0,16.0,18817.15,58.0,196641,YVR
M0018894,Engaged Points Buyers,Base,0.9688,High,14.0,1016700.0,14.0,12223.56,7.0,0,YYC
M0032670,Engaged Points Buyers,Silver,0.9688,High,16.0,1076100.0,15.0,14312.62,143.0,0,YOW
M0017136,Engaged Points Buyers,Silver,0.9687,High,19.0,1121900.0,17.0,14415.23,148.0,0,YVR
M0014875,Engaged Points Buyers,Gold,0.9687,High,18.0,1116400.0,18.0,17925.02,102.0,0,YOW
M0037874,Engaged Points Buyers,Gold,0.9685,High,9.0,689700.0,14.0,13631.9,76.0,0,YWG
M0038688,Engaged Points Buyers,Gold,0.9678,High,16.0,572600.0,16.0,12358.8,33.0,35991,YVR
M0017384,Engaged Points Buyers,Gold,0.9669,High,8.0,340200.0,15.0,12060.43,3.0,260697,YYZ
M0033209,Engaged Points Buyers,Gold,0.9659,High,15.0,1177300.0,12.0,15220.16,17.0,0,YYZ
M0005436,Engaged Points Buyers,Gold,0.9654,High,20.0,1254000.0,14.0,14728.87,47.0,0,YHZ
M0004674,Engaged Points Buyers,Silver,0.9653,High,12.0,413400.0,16.0,13757.06,29.0,224887,YYZ
M0018261,Engaged Points Buyers,Silver,0.9649,High,32.0,2151200.0,13.0,13070.78,70.0,0,YYZ
M0010108,Engaged Points Buyers,Base,0.9636,High,10.0,469200.0,16.0,12154.98,42.0,117556,YYZ
M0030881,Engaged Points Buyers,Base,0.9635,High,8.0,1154500.0,12.0,10643.42,128.0,0,YVR
M0023527,Engaged Points Buyers,Silver,0.9634,High,24.0,1326500.0,14.0,12424.86,21.0,0,YYZ
M0027121,Engaged Points Buyers,Gold,0.9629,High,9.0,897700.0,13.0,10448.960000000001,42.0,0,YUL
M0012861,Engaged Points Buyers,Gold,0.9628,High,5.0,719600.0,10.0,7849.92,256.0,0,YWG
M0018038,Engaged Points Buyers,Silver,0.9614,High,14.0,1296900.0,13.0,11931.25,13.0,0,YVR
M0004398,Engaged Points Buyers,Base,0.9611,High,8.0,568200.0,13.0,16508.61,20.0,345434,YHZ
M0036057,Engaged Points Buyers,Base,0.9604,High,11.0,596600.0,13.0,14189.31,86.0,238983,YYZ
M0039121,Engaged Points Buyers,Base,0.9602,High,11.0,519900.0,15.0,15918.73,15.0,369426,YYZ
M0024459,Engaged Points Buyers,Base,0.96,High,31.0,1675000.0,14.0,14980.36,20.0,0,YUL
M0002526,Engaged Points Buyers,Platinum,0.96,High,13.0,779600.0,14.0,8957.2,11.0,0,YUL
M0035714,Engaged Points Buyers,Gold,0.9596,High,19.0,951100.0,14.0,13093.39,0.0,0,YYC
M0020772,Engaged Points Buyers,Gold,0.9589,High,12.0,775100.0,12.0,11878.13,4.0,0,YYZ
M0014428,Engaged Points Buyers,Base,0.9589,High,9.0,363400.0,16.0,17775.75,12.0,428450,YYZ
M0034309,Engaged Points Buyers,Base,0.9587,High,14.0,1031300.0,13.0,13481.19,105.0,0,YWG
M0008685,Engaged Points Buyers,Base,0.9587,High,30.0,2485100.0,13.0,11355.32,17.0,0,YYC
M0001084,Engaged Points Buyers,Base,0.9585,High,3.0,221100.0,16.0,15519.52,73.0,511905,YWG
M0027494,Engaged Points Buyers,Silver,0.9584,High,10.0,335900.0,15.0,10628.02,150.0,254384,YWG
M0000079,Engaged Points Buyers,Silver,0.9573,High,15.0,425600.0,14.0,16583.24,30.0,546821,YUL
M0019686,Engaged Points Buyers,Gold,0.9571,High,19.0,1756100.0,13.0,11750.52,15.0,0,YYZ
M0015470,Engaged Points Buyers,Base,0.9568,High,17.0,828100.0,13.0,14989.88,3.0,0,YHZ
M0015278,Engaged Points Buyers,Silver,0.9566,High,16.0,758500.0,14.0,10267.66,17.0,0,YYZ
M0022863,Engaged Points Buyers,Base,0.9564,High,8.0,444500.0,13.0,11225.41,144.0,151410,YVR
M0006379,Engaged Points Buyers,Silver,0.9564,High,12.0,1169800.0,13.0,11116.95,68.0,0,YYZ
M0007393,Engaged Points Buyers,Platinum,0.956,High,10.0,422900.0,16.0,16963.690000000002,1.0,452295,YWG
M0008094,Engaged Points Buyers,Gold,0.9554,High,4.0,135100.0,15.0,20263.07,38.0,950614,YWG
M0019560,Engaged Points Buyers,Silver,0.9551,High,3.0,110800.0,12.0,14647.53,37.0,659731,YYZ
M0019756,Engaged Points Buyers,Base,0.955,High,5.0,598400.0,12.0,12038.75,11.0,7142,YYZ
M0001941,Engaged Points Buyers,Silver,0.9543,High,18.0,1807600.0,12.0,7668.639999999999,1.0,0,YUL
M0029762,Engaged Points Buyers,Elite,0.954,High,29.0,825700.0,16.0,13839.2,41.0,0,YVR
M0016180,Engaged Points Buyers,Silver,0.9536,High,13.0,894400.0,14.0,15962.37,2.0,0,YHZ
M0003690,Engaged Points Buyers,Base,0.9536,High,7.0,445400.0,14.0,13086.1,6.0,147751,YUL
M0008800,Engaged Points Buyers,Silver,0.9534,High,3.0,840000.0,11.0,10853.11,5.0,0,YEG
M0014272,Engaged Points Buyers,Base,0.953,High,18.0,1417500.0,13.0,13476.3,42.0,0,YVR
M0037199,Engaged Points Buyers,Gold,0.9529,High,4.0,160600.0,11.0,8097.35,3.0,236481,YVR
M0000317,Engaged Points Buyers,Silver,0.9529,High,17.0,960100.0,13.0,13928.7,48.0,0,YEG
M0010497,Engaged Points Buyers,Platinum,0.9523,High,6.0,160900.0,16.0,17698.97,6.0,538629,YVR
M0036696,Engaged Points Buyers,Base,0.9521,High,13.0,687800.0,13.0,11980.93,23.0,0,YYZ
M0031989,Engaged Points Buyers,Base,0.9517,High,13.0,965400.0,11.0,10379.83,83.0,0,YUL
M0013147,Engaged Points Buyers,Platinum,0.9514,High,22.0,1798600.0,11.0,7727.66,55.0,0,YOW
M0035496,Engaged Points Buyers,Base,0.9513,High,21.0,1696000.0,13.0,9603.51,70.0,0,YYZ
M0010463,Engaged Points Buyers,Silver,0.9509,High,9.0,642800.0,12.0,8079.66,35.0,0,YOW
M0031936,Engaged Points Buyers,Silver,0.9508,High,9.0,523900.0,12.0,9177.42,84.0,0,YVR
M0000342,Engaged Points Buyers,Silver,0.9507,High,40.0,1651300.0,15.0,13191.880000000001,6.0,0,YYZ
M0002831,Engaged Points Buyers,Silver,0.9503,High,8.0,355200.0,17.0,15056.74,7.0,514305,YYZ
M0035118,Engaged Points Buyers,Gold,0.9498,High,10.0,396000.0,15.0,19192.21,5.0,517340,YYZ
M0008292,Engaged Points Buyers,Platinum,0.9498,High,16.0,876900.0,12.0,24619.32,38.0,215392,YEG
M0025417,Engaged Points Buyers,Silver,0.9498,High,13.0,853300.0,12.0,10328.23,63.0,0,YOW
M0013657,Engaged Points Buyers,Base,0.9498,High,27.0,2316600.0,11.0,12288.8,178.0,0,YYZ
M0012789,Engaged Points Buyers,Platinum,0.9492,High,10.0,949300.0,11.0,9737.06,25.0,0,YUL
M0017941,Engaged Points Buyers,Silver,0.9487,High,23.0,2011400.0,11.0,9648.64,253.0,0,YYZ
M0007304,Engaged Points Buyers,Gold,0.9485,High,10.0,1012200.0,11.0,9793.27,2.0,0,YVR
M0001835,Engaged Points Buyers,Silver,0.9485,High,6.0,242100.0,11.0,11771.05,41.0,418803,YYC
M0034946,Engaged Points Buyers,Silver,0.9485,High,17.0,1258400.0,12.0,10900.52,33.0,0,YYZ
M0037196,Engaged Points Buyers,Gold,0.9481,High,18.0,1139800.0,11.0,11970.390000000001,149.0,0,YWG
M0028340,Engaged Points Buyers,Silver,0.948,High,9.0,357200.0,13.0,10358.23,11.0,175375,YUL
M0010231,Engaged Points Buyers,Silver,0.9477,High,14.0,500500.0,14.0,14085.16,27.0,249492,YYZ
M0023049,Engaged Points Buyers,Platinum,0.9475,High,9.0,606200.0,10.0,11529.07,24.0,0,YYZ
M0007480,Engaged Points Buyers,Silver,0.9474,High,10.0,616800.0,11.0,8581.11,101.0,0,YYC
M0038097,Engaged Points Buyers,Elite,0.9473,High,5.0,336800.0,11.0,11146.77,53.0,195012,YVR
M0015075,Engaged Points Buyers,Base,0.9473,High,7.0,961500.0,11.0,11824.98,91.0,0,YYZ
M0036649,Engaged Points Buyers,Silver,0.9469,High,15.0,561300.0,13.0,13557.1,31.0,138585,YUL
M0017055,Engaged Points Buyers,Silver,0.9469,High,10.0,334900.0,13.0,11323.09,104.0,110578,YYZ
M0015194,Engaged Points Buyers,Silver,0.9468,High,15.0,1092500.0,13.0,10625.99,5.0,0,YYZ
M0027290,Engaged Points Buyers,Silver,0.9462,High,17.0,1083900.0,11.0,15051.77,35.0,0,YYZ
M0000742,Engaged Points Buyers,Silver,0.9461,High,12.0,531700.0,14.0,12542.710000000001,18.0,77707,YOW
M0001722,Engaged Points Buyers,Gold,0.9459,High,6.0,185200.0,12.0,10881.75,35.0,363375,YYZ
M0029994,Engaged Points Buyers,Gold,0.9458,High,14.0,511700.0,12.0,12633.22,51.0,139255,YUL
M0011591,Engaged Points Buyers,Silver,0.9455,High,5.0,349400.0,10.0,7874.87,80.0,90109,YYZ
M0013113,Engaged Points Buyers,Gold,0.9455,High,2.0,156900.0,11.0,11844.22,59.0,487344,YYZ
M0034284,Engaged Points Buyers,Platinum,0.9445,High,7.0,392300.0,10.0,7890.280000000001,65.0,0,YYZ
M0016136,Engaged Points Buyers,Silver,0.9441,High,11.0,1434500.0,9.0,8452.36,4.0,0,YOW
M0026705,Engaged Points Buyers,Base,0.9439,High,7.0,636000.0,10.0,10431.42,64.0,0,YVR
M0033097,Engaged Points Buyers,Base,0.9438,High,7.0,760200.0,10.0,5224.68,4.0,0,YOW
M0002196,Engaged Points Buyers,Platinum,0.9434,High,12.0,621100.0,10.0,10452.54,43.0,0,YVR
M0017872,Engaged Points Buyers,Platinum,0.9434,High,2.0,252400.0,9.0,11416.52,15.0,360093,YUL
M0033454,Engaged Points Buyers,Base,0.9432,High,8.0,708200.0,11.0,11461.869999999999,78.0,25397,YUL
M0037129,Engaged Points Buyers,Silver,0.9431,High,11.0,639600.0,9.0,12615.5,197.0,42613,YEG
M0004139,Engaged Points Buyers,Silver,0.9427,High,10.0,652500.0,11.0,10975.29,88.0,0,YUL
M0012227,Engaged Points Buyers,Silver,0.9426,High,3.0,413900.0,11.0,9422.26,54.0,0,YVR
M0000067,Engaged Points Buyers,Silver,0.9417,High,5.0,129600.0,11.0,9747.2,107.0,472003,YYC
M0014747,Engaged Points Buyers,Base,0.9413,High,33.0,1323900.0,12.0,9342.61,17.0,0,YYC
M0000523,Engaged Points Buyers,Base,0.941,High,10.0,641800.0,10.0,7908.6,5.0,0,YYZ
M0015444,Engaged Points Buyers,Silver,0.9408,High,8.0,689800.0,9.0,7373.01,12.0,0,YYZ
M0009476,Engaged Points Buyers,Base,0.9406,High,22.0,1000500.0,10.0,8698.27,266.0,0,YUL
M0026125,Engaged Points Buyers,Gold,0.9404,High,10.0,607200.0,14.0,13376.13,35.0,0,YYC
M0008999,Engaged Points Buyers,Base,0.9403,High,5.0,608700.0,12.0,13791.97,48.0,35059,YYZ
M0000465,Engaged Points Buyers,Silver,0.9402,High,25.0,1023000.0,14.0,13555.66,4.0,0,YUL
M0026895,Engaged Points Buyers,Silver,0.9402,High,10.0,500000.0,10.0,12442.71,82.0,28101,YYZ
M0005604,Engaged Points Buyers,Base,0.9395,High,12.0,865300.0,10.0,8600.210000000001,34.0,0,YYZ
M0014655,Engaged Points Buyers,Base,0.9389,High,7.0,575200.0,9.0,10914.869999999999,72.0,0,YHZ
M0028423,Engaged Points Buyers,Silver,0.9389,High,4.0,259300.0,10.0,8499.34,86.0,220306,YYZ
M0018465,Engaged Points Buyers,Base,0.9388,High,20.0,1630700.0,9.0,10796.53,23.0,0,YWG
M0035278,Engaged Points Buyers,Silver,0.9386,High,22.0,905100.0,12.0,11235.01,70.0,0,YOW
M0018431,Engaged Points Buyers,Platinum,0.9386,High,9.0,984700.0,9.0,12480.02,194.0,0,YVR
M0020141,Engaged Points Buyers,Silver,0.9383,High,6.0,698300.0,11.0,7850.5,4.0,0,YUL
M0019342,Engaged Points Buyers,Base,0.9371,High,6.0,612000.0,12.0,12902.09,22.0,0,YYC
M0019781,Engaged Points Buyers,Base,0.9368,High,11.0,601800.0,11.0,8747.33,86.0,0,YOW
M0004277,Engaged Points Buyers,Platinum,0.9366,High,20.0,818200.0,11.0,7724.54,73.0,0,YUL
M0030171,Engaged Points Buyers,Silver,0.9364,High,3.0,214700.0,9.0,10285.7,0.0,252645,YVR
M0017962,Engaged Points Buyers,Silver,0.9361,High,1.0,0.0,15.0,10555.2,118.0,508429,YYC
M0000241,Engaged Points Buyers,Base,0.9358,High,21.0,694900.0,12.0,10584.19,43.0,0,YVR
M0006398,Engaged Points Buyers,Gold,0.9357,High,4.0,127000.0,11.0,8047.79,19.0,324344,YVR
M0008513,Engaged Points Buyers,Silver,0.9354,High,10.0,917000.0,11.0,8297.16,0.0,0,YYZ
M0027633,Engaged Points Buyers,Base,0.9351,High,5.0,140500.0,12.0,12355.24,74.0,579902,YEG
M0016083,Engaged Points Buyers,Silver,0.935,High,5.0,159300.0,17.0,16438.51,22.0,537907,YUL
M0017486,Engaged Points Buyers,Gold,0.9348,High,5.0,421500.0,9.0,7298.06,107.0,0,YEG
M0006523,Engaged Points Buyers,Silver,0.9348,High,11.0,354100.0,12.0,10220.73,116.0,139747,YWG
M0039983,Engaged Points Buyers,Base,0.9348,High,10.0,210100.0,13.0,10915.41,73.0,406016,YVR
M0035414,Engaged Points Buyers,Gold,0.9341,High,14.0,1745400.0,8.0,5871.02,118.0,0,YUL
M0030711,Engaged Points Buyers,Base,0.934,High,7.0,607500.0,10.0,9588.98,180.0,0,YUL
M0030488,Engaged Points Buyers,Silver,0.9339,High,14.0,665100.0,10.0,8474.619999999999,8.0,0,YUL
M0017757,Engaged Points Buyers,Gold,0.9339,High,7.0,203600.0,9.0,7129.72,100.0,246984,YVR
M0028133,Engaged Points Buyers,Base,0.9332,High,22.0,874300.0,14.0,13584.42,24.0,0,YUL
M0010437,Engaged Points Buyers,Gold,0.9331,High,18.0,478600.0,13.0,11558.5,36.0,170349,YEG
M0006507,Engaged Points Buyers,Elite,0.9327,High,13.0,1220600.0,10.0,8043.8099999999995,5.0,0,YUL
M0031954,Engaged Points Buyers,Silver,0.9326,High,10.0,236200.0,12.0,9660.48,56.0,229949,YUL
M0009284,Engaged Points Buyers,Base,0.9325,High,7.0,390900.0,11.0,6873.91,6.0,0,YEG
M0025830,Engaged Points Buyers,Gold,0.9324,High,7.0,690100.0,10.0,10010.61,108.0,0,YEG
M0022738,Engaged Points Buyers,Silver,0.9314,High,4.0,273700.0,12.0,9739.03,14.0,157913,YUL
M0029472,Engaged Points Buyers,Gold,0.931,High,12.0,851100.0,9.0,10061.41,19.0,0,YYZ
M0004910,Engaged Points Buyers,Silver,0.9309,High,18.0,686400.0,10.0,9863.89,87.0,0,YYZ
M0023230,Engaged Points Buyers,Platinum,0.9307,High,1.0,115900.0,11.0,9737.45,55.0,462214,YYZ
M0003883,Engaged Points Buyers,Silver,0.9303,High,18.0,734100.0,10.0,7951.73,83.0,0,YYC
M0030653,Engaged Points Buyers,Silver,0.9302,High,19.0,1500400.0,10.0,7590.469999999999,10.0,0,YVR
M0001927,Engaged Points Buyers,Platinum,0.9296,High,10.0,181000.0,11.0,10068.35,24.0,515169,YWG
M0014206,Engaged Points Buyers,Gold,0.9293,High,7.0,123000.0,12.0,14100.92,26.0,512800,YEG
M0012266,Engaged Points Buyers,Base,0.9293,High,27.0,1472400.0,10.0,14387.32,51.0,0,YUL
M0028544,Engaged Points Buyers,Gold,0.9291,High,7.0,97900.0,13.0,9353.52,71.0,424658,YVR
M0014794,Engaged Points Buyers,Gold,0.929,High,2.0,63000.0,14.0,11183.09,56.0,455937,YYZ
M0021689,Engaged Points Buyers,Base,0.9288,High,3.0,145900.0,12.0,12157.89,38.0,408576,YUL
M0039483,Engaged Points Buyers,Base,0.9288,High,3.0,0.0,18.0,12474.94,0.0,701748,YYZ
M0012517,Engaged Points Buyers,Gold,0.9287,High,3.0,43200.0,12.0,7895.21,93.0,349752,YWG
M0006197,Engaged Points Buyers,Platinum,0.9273,High,15.0,536100.0,11.0,14311.17,67.0,166347,YWG
M0011680,Engaged Points Buyers,Base,0.9268,High,21.0,1025800.0,11.0,8275.88,88.0,0,YUL
M0011973,Engaged Points Buyers,Elite,0.9267,High,7.0,334900.0,11.0,10952.21,15.0,158643,YWG
M0019713,Engaged Points Buyers,Gold,0.9263,High,9.0,478900.0,12.0,9576.65,136.0,0,YHZ
M0039815,Engaged Points Buyers,Silver,0.9263,High,8.0,567400.0,9.0,8449.52,134.0,0,YYC
M0028780,Engaged Points Buyers,Silver,0.9262,High,9.0,593600.0,9.0,6189.21,15.0,0,YVR
M0029587,Engaged Points Buyers,Base,0.9257,High,10.0,604700.0,8.0,6668.53,19.0,0,YYC
M0031810,Engaged Points Buyers,Silver,0.9255,High,2.0,30700.0,15.0,12327.63,186.0,499044,YEG
M0032077,Engaged Points Buyers,Platinum,0.9255,High,11.0,894700.0,10.0,7795.82,77.0,0,YWG
M0016739,Engaged Points Buyers,Base,0.9254,High,6.0,503600.0,10.0,8910.53,1.0,0,YYZ
M0007719,Engaged Points Buyers,Silver,0.925,High,20.0,1496300.0,9.0,8463.56,174.0,0,YYZ
M0037883,Engaged Points Buyers,Silver,0.9249,High,20.0,826600.0,10.0,8160.11,80.0,0,YYC
M0026619,Engaged Points Buyers,Silver,0.9245,High,5.0,159700.0,11.0,10136.470000000001,42.0,412762,YOW
M0039206,Engaged Points Buyers,Silver,0.9239,High,2.0,94000.0,12.0,10135.9,28.0,380984,YYZ
M0003810,Engaged Points Buyers,Silver,0.9239,High,22.0,1637800.0,8.0,6477.82,28.0,0,YHZ
M0002209,Engaged Points Buyers,Base,0.9235,High,6.0,779100.0,9.0,9703.0,8.0,0,YWG
M0013128,Engaged Points Buyers,Base,0.9228,High,7.0,665000.0,8.0,5457.1,189.0,0,YYZ
M0009158,Engaged Points Buyers,Silver,0.9228,High,7.0,388400.0,13.0,13310.76,87.0,226534,YHZ
M0011823,Engaged Points Buyers,Platinum,0.9223,High,22.0,1212300.0,9.0,6768.91,154.0,0,YWG
M0032980,Engaged Points Buyers,Silver,0.922,High,1.0,90400.0,11.0,12856.45,20.0,444909,YOW
M0025318,Engaged Points Buyers,Platinum,0.9218,High,4.0,288600.0,8.0,6023.46,98.0,0,YYZ
M0012380,Engaged Points Buyers,Silver,0.9218,High,10.0,284900.0,11.0,7297.4800000000005,20.0,156672,YYZ
M0033408,Engaged Points Buyers,Silver,0.9209,High,11.0,1042900.0,8.0,6480.92,27.0,0,YOW
M0014372,Engaged Points Buyers,Platinum,0.9208,High,4.0,115500.0,10.0,9991.29,63.0,433824,YWG
M0014526,Engaged Points Buyers,Silver,0.9208,High,24.0,1298000.0,10.0,12338.23,3.0,0,YYZ
M0011637,Engaged Points Buyers,Gold,0.9207,High,21.0,807200.0,9.0,8440.6,113.0,0,YUL
M0028782,Engaged Points Buyers,Base,0.9207,High,23.0,688500.0,10.0,7225.86,2.0,0,YOW
M0024645,Engaged Points Buyers,Base,0.9203,High,5.0,824300.0,8.0,7251.78,88.0,0,YVR
M0022543,Engaged Points Buyers,Gold,0.9202,High,17.0,632400.0,10.0,9738.77,13.0,0,YUL
M0012529,Engaged Points Buyers,Gold,0.9195,High,14.0,589600.0,11.0,10067.53,72.0,0,YYZ
M0021925,Engaged Points Buyers,Base,0.9194,High,3.0,140900.0,12.0,9458.51,42.0,326811,YYC
M0018404,Engaged Points Buyers,Gold,0.9193,High,5.0,645900.0,10.0,8151.34,2.0,0,YYZ
M0029829,Engaged Points Buyers,Platinum,0.9191,High,31.0,1621900.0,9.0,8271.74,170.0,0,YYZ
M0026326,Engaged Points Buyers,Silver,0.9188,High,8.0,553400.0,9.0,9539.9,94.0,0,YWG
M0007419,Engaged Points Buyers,Gold,0.9188,High,2.0,201000.0,10.0,6665.34,189.0,199923,YYZ
M0005844,Engaged Points Buyers,Gold,0.9187,High,13.0,1012000.0,9.0,8954.08,17.0,0,YEG
M0006095,Engaged Points Buyers,Silver,0.9185,High,30.0,2029100.0,9.0,6985.78,65.0,0,YEG
M0018532,Engaged Points Buyers,Base,0.9183,High,5.0,117200.0,10.0,6032.0,62.0,183451,YUL
M0020392,Engaged Points Buyers,Silver,0.9182,High,5.0,107000.0,9.0,8395.77,174.0,263249,YYZ
M0030758,Engaged Points Buyers,Silver,0.9177,High,7.0,395100.0,11.0,13917.71,74.0,259151,YWG
M0029524,Engaged Points Buyers,Base,0.9175,High,23.0,396800.0,11.0,9586.86,101.0,255065,YVR
M0036527,Engaged Points Buyers,Gold,0.9172,High,12.0,644000.0,8.0,7030.41,16.0,0,YUL
M0031297,Engaged Points Buyers,Silver,0.9171,High,13.0,381400.0,11.0,8695.85,54.0,109339,YYZ
M0011408,Engaged Points Buyers,Silver,0.9169,High,2.0,349200.0,10.0,6230.969999999999,12.0,837,YYC
M0035092,Engaged Points Buyers,Gold,0.9168,High,20.0,959400.0,10.0,11796.52,12.0,0,YYZ
M0031725,Engaged Points Buyers,Base,0.9167,High,10.0,647100.0,9.0,6536.52,95.0,0,YUL
M0024726,Engaged Points Buyers,Gold,0.9167,High,3.0,124500.0,11.0,10267.88,6.0,453949,YYC
M0038794,Engaged Points Buyers,Gold,0.9165,High,12.0,326900.0,12.0,9815.34,42.0,243376,YYC
M0024933,Engaged Points Buyers,Gold,0.9157,High,9.0,189900.0,12.0,8958.26,2.0,367777,YVR
M0020504,Engaged Points Buyers,Gold,0.9151,High,12.0,443200.0,9.0,7578.200000000001,74.0,0,YYC
M0025151,Engaged Points Buyers,Silver,0.9151,High,10.0,1108400.0,7.0,7006.62,71.0,0,YVR
M0006820,Engaged Points Buyers,Base,0.9147,High,10.0,896100.0,9.0,10630.44,25.0,0,YYZ
M0013614,Engaged Points Buyers,Silver,0.9147,High,15.0,828200.0,9.0,8174.88,30.0,0,YUL
M0022323,Engaged Points Buyers,Base,0.9142,High,5.0,247200.0,8.0,6580.1900000000005,83.0,170116,YYZ
M0021961,Engaged Points Buyers,Base,0.9142,High,7.0,417700.0,8.0,7442.13,38.0,0,YUL
M0037742,Engaged Points Buyers,Silver,0.9141,High,17.0,487000.0,11.0,13161.48,116.0,92095,YOW
M0001091,Engaged Points Buyers,Platinum,0.9139,High,8.0,592700.0,9.0,9265.61,85.0,0,YUL
M0024229,Engaged Points Buyers,Silver,0.9138,High,16.0,906800.0,10.0,10087.52,133.0,0,YVR
M0027640,Engaged Points Buyers,Base,0.9128,High,17.0,974200.0,10.0,7709.34,10.0,0,YVR
M0038565,Engaged Points Buyers,Gold,0.9125,High,12.0,449400.0,9.0,6952.92,18.0,0,YYC
M0037934,Engaged Points Buyers,Gold,0.9125,High,9.0,168000.0,12.0,8519.57,114.0,246538,YWG
M0011774,Engaged Points Buyers,Base,0.9125,High,14.0,459300.0,9.0,5818.72,10.0,0,YYZ
M0028221,Engaged Points Buyers,Silver,0.9125,High,10.0,403800.0,10.0,10606.58,47.0,85828,YUL
M0002997,Engaged Points Buyers,Silver,0.9121,High,9.0,762300.0,8.0,5477.52,72.0,0,YOW
M0039792,Engaged Points Buyers,Base,0.912,High,2.0,281300.0,9.0,10352.14,133.0,177536,YUL
M0023696,Engaged Points Buyers,Gold,0.9114,High,17.0,755300.0,8.0,8917.99,21.0,0,YYZ
M0010095,Engaged Points Buyers,Silver,0.9113,High,9.0,401600.0,8.0,7372.33,129.0,22620,YYC
M0001358,Engaged Points Buyers,Gold,0.9113,High,12.0,729700.0,7.0,7824.13,0.0,0,YYZ
M0028442,Engaged Points Buyers,Gold,0.911,High,14.0,266800.0,13.0,9536.58,6.0,299109,YVR
M0004221,Engaged Points Buyers,Gold,0.9108,High,17.0,569500.0,10.0,7534.84,24.0,0,YVR
M0024253,Engaged Points Buyers,Platinum,0.9102,High,10.0,195100.0,12.0,10904.3,68.0,371030,YYZ
M0014344,Engaged Points Buyers,Platinum,0.91,High,10.0,494200.0,8.0,8421.91,96.0,0,YYZ
M0000388,Engaged Points Buyers,Base,0.9091,High,9.0,341500.0,8.0,7703.76,30.0,18030,YYC
M0014000,Engaged Points Buyers,Base,0.908,High,22.0,981600.0,8.0,8823.57,65.0,0,YHZ
M0031279,Engaged Points Buyers,Gold,0.9075,High,16.0,836300.0,7.0,3396.91,16.0,0,YOW
M0023790,Engaged Points Buyers,Base,0.9071,High,5.0,186900.0,11.0,11105.28,74.0,284663,YUL
M0025001,Engaged Points Buyers,Silver,0.9068,High,10.0,465100.0,9.0,7673.47,131.0,0,YOW
M0020989,Engaged Points Buyers,Silver,0.9067,High,17.0,745200.0,9.0,7768.84,176.0,0,YWG
M0021959,Engaged Points Buyers,Base,0.9054,High,4.0,241200.0,9.0,9764.24,124.0,213536,YUL
M0036340,Engaged Points Buyers,Platinum,0.9054,High,11.0,770400.0,7.0,5368.86,275.0,0,YVR
M0036566,Engaged Points Buyers,Base,0.9042,High,8.0,688800.0,6.0,7322.66,223.0,0,YEG
M0008591,Engaged Points Buyers,Base,0.9036,High,13.0,526400.0,11.0,8481.45,3.0,0,YYZ
M0009966,Engaged Points Buyers,Elite,0.9035,High,11.0,518100.0,7.0,6578.88,65.0,0,YVR
M0008081,Engaged Points Buyers,Gold,0.9034,High,25.0,961900.0,9.0,8282.93,16.0,0,YYZ
M0005656,Engaged Points Buyers,Gold,0.9033,High,15.0,691600.0,8.0,7589.37,197.0,0,YYC
M0006282,Engaged Points Buyers,Base,0.903,High,22.0,894700.0,9.0,10049.32,223.0,0,YYZ
M0024026,Engaged Points Buyers,Platinum,0.9024,High,12.0,568000.0,10.0,11621.11,25.0,103981,YYC
M0027419,Engaged Points Buyers,Silver,0.9021,High,11.0,278600.0,9.0,8373.99,51.0,95074,YUL
M0024276,Engaged Points Buyers,Gold,0.9021,High,19.0,1394400.0,7.0,5871.0,153.0,0,YHZ
M0038243,Engaged Points Buyers,Gold,0.9017,High,5.0,456300.0,9.0,8274.4,5.0,45702,YVR
M0010565,Engaged Points Buyers,Base,0.9015,High,7.0,590700.0,7.0,6857.22,146.0,0,YYZ
M0025602,Engaged Points Buyers,Silver,0.9014,High,7.0,379800.0,7.0,5482.68,85.0,0,YYZ
M0028850,Engaged Points Buyers,Base,0.9008,High,33.0,1952300.0,7.0,5834.860000000001,58.0,0,YUL
M0031945,Engaged Points Buyers,Silver,0.9005,High,3.0,38200.0,11.0,11554.369999999999,71.0,555402,YUL
M0006629,Engaged Points Buyers,Base,0.9,High,3.0,440200.0,8.0,7414.639999999999,99.0,0,YYC
M0024522,Engaged Points Buyers,Gold,0.9,High,12.0,671700.0,8.0,5840.86,136.0,0,YYZ
M0007620,Engaged Points Buyers,Base,0.8997,High,1.0,60800.0,9.0,5123.13,95.0,234963,YHZ
M0015501,Engaged Points Buyers,Base,0.8997,High,4.0,203300.0,7.0,5367.74,284.0,72159,YEG
M0021781,Engaged Points Buyers,Base,0.8992,High,6.0,326900.0,7.0,3956.45,19.0,0,YUL
M0022457,Engaged Points Buyers,Gold,0.8986,High,5.0,520300.0,6.0,7916.26,43.0,0,YYC
M0011040,Engaged Points Buyers,Silver,0.8985,High,20.0,843700.0,8.0,7482.16,6.0,0,YYZ
M0019036,Engaged Points Buyers,Silver,0.8984,High,28.0,830500.0,10.0,12258.16,46.0,0,YVR
M0032870,Engaged Points Buyers,Base,0.8984,High,24.0,1884100.0,8.0,7569.32,1.0,0,YVR
M0029506,Engaged Points Buyers,Platinum,0.8983,High,9.0,329300.0,9.0,5724.78,239.0,42448,YYC
M0009577,Engaged Points Buyers,Silver,0.8982,High,15.0,1055600.0,8.0,4528.36,38.0,0,YYZ
M0002185,Engaged Points Buyers,Elite,0.898,High,16.0,436500.0,9.0,6134.93,134.0,0,YUL
M0019651,Engaged Points Buyers,Elite,0.8978,High,4.0,40600.0,13.0,12536.369999999999,21.0,617344,YVR
M0031837,Engaged Points Buyers,Silver,0.8978,High,15.0,784000.0,8.0,9330.41,7.0,0,YYZ
M0012407,Engaged Points Buyers,Silver,0.8978,High,13.0,661900.0,8.0,5899.860000000001,105.0,0,YVR
M0018480,Engaged Points Buyers,Gold,0.8976,High,21.0,863100.0,7.0,4577.610000000001,306.0,0,YHZ
M0033353,Engaged Points Buyers,Gold,0.8971,High,7.0,141200.0,9.0,10514.83,95.0,391072,YYZ
M0015186,Engaged Points Buyers,Base,0.897,High,7.0,237300.0,9.0,6613.6900000000005,49.0,91936,YVR
M0017850,Engaged Points Buyers,Silver,0.8967,High,5.0,522400.0,9.0,6796.05,66.0,0,YVR
M0034714,Engaged Points Buyers,Silver,0.8967,High,5.0,625400.0,7.0,4280.78,72.0,0,YYZ
M0024690,Engaged Points Buyers,Gold,0.8964,High,6.0,182500.0,7.0,6158.3099999999995,3.0,115057,YYZ
M0015632,Engaged Points Buyers,Gold,0.8961,High,18.0,1467200.0,8.0,6751.37,20.0,0,YEG
M0025723,Engaged Points Buyers,Silver,0.8959,High,11.0,429200.0,9.0,8411.4,77.0,93945,YUL
M0036428,Engaged Points Buyers,Base,0.8958,High,19.0,1034800.0,8.0,8530.32,60.0,0,YUL
M0015180,Engaged Points Buyers,Base,0.8955,High,11.0,308800.0,10.0,8483.17,4.0,162125,YYZ
M0010700,Engaged Points Buyers,Gold,0.8953,High,14.0,878500.0,9.0,7736.79,9.0,0,YYZ
M0001962,Engaged Points Buyers,Silver,0.8948,High,6.0,211600.0,9.0,11760.21,114.0,344171,YWG
M0033925,Engaged Points Buyers,Gold,0.8943,High,23.0,1279900.0,7.0,5750.68,7.0,0,YVR
M0017085,Engaged Points Buyers,Base,0.8942,High,22.0,1111600.0,8.0,11040.7,200.0,0,YYZ
M0025068,Engaged Points Buyers,Elite,0.8941,High,10.0,930400.0,6.0,9181.18,5.0,0,YYZ
M0014741,Engaged Points Buyers,Base,0.8938,High,15.0,1037300.0,7.0,5551.1,53.0,0,YYZ
M0005848,Engaged Points Buyers,Base,0.8937,High,9.0,750400.0,7.0,5553.05,21.0,0,YYZ
M0030278,Engaged Points Buyers,Base,0.8933,High,10.0,618900.0,7.0,8216.04,69.0,0,YYZ
M0003316,Engaged Points Buyers,Gold,0.8933,High,1.0,34600.0,11.0,7846.719999999999,161.0,313959,YUL
M0036047,Engaged Points Buyers,Base,0.8932,High,5.0,214800.0,7.0,7497.719999999999,11.0,204283,YWG
M0001897,Engaged Points Buyers,Gold,0.8928,High,11.0,616800.0,8.0,9593.349999999999,89.0,0,YYZ
M0028166,Engaged Points Buyers,Gold,0.8924,High,7.0,457300.0,6.0,7414.58,211.0,0,YVR
M0001833,Engaged Points Buyers,Base,0.8924,High,4.0,151100.0,10.0,9645.52,23.0,416310,YUL
M0038524,Engaged Points Buyers,Gold,0.8923,High,13.0,768400.0,7.0,4792.16,82.0,0,YYZ
M0000610,Engaged Points Buyers,Silver,0.8917,High,5.0,120400.0,10.0,6655.15,12.0,190099,YEG
M0020072,Engaged Points Buyers,Platinum,0.8917,High,5.0,143900.0,9.0,7288.099999999999,28.0,274480,YUL
M0025143,Engaged Points Buyers,Gold,0.8915,High,4.0,381600.0,6.0,4975.74,107.0,0,YUL
M0017097,Engaged Points Buyers,Platinum,0.8912,High,25.0,856600.0,8.0,6169.78,322.0,0,YVR
M0008321,Engaged Points Buyers,Silver,0.891,High,3.0,79900.0,9.0,7771.48,19.0,326764,YWG
M0015891,Engaged Points Buyers,Gold,0.8898,High,5.0,128700.0,11.0,11957.58,98.0,369485,YOW
M0026438,Engaged Points Buyers,Platinum,0.8892,High,23.0,1058900.0,7.0,11608.0,126.0,0,YVR
M0036723,Engaged Points Buyers,Base,0.889,High,5.0,626800.0,8.0,6357.46,44.0,0,YYZ
M0013152,Engaged Points Buyers,Silver,0.8888,High,7.0,261300.0,8.0,9651.92,112.0,192670,YVR
M0023505,Engaged Points Buyers,Platinum,0.8884,High,3.0,86200.0,7.0,4698.73,42.0,222687,YUL
M0009175,Engaged Points Buyers,Silver,0.8883,High,5.0,311300.0,9.0,6588.610000000001,107.0,53308,YEG
M0026862,Engaged Points Buyers,Gold,0.8882,High,4.0,152600.0,8.0,10968.19,218.0,402661,YYZ
M0029656,Engaged Points Buyers,Gold,0.888,High,4.0,266200.0,7.0,5070.55,31.0,37593,YWG
M0022370,Engaged Points Buyers,Gold,0.8872,High,15.0,663200.0,9.0,9849.02,53.0,0,YWG
M0000213,Engaged Points Buyers,Platinum,0.8866,High,2.0,30300.0,10.0,9455.76,10.0,349128,YVR
M0024350,Engaged Points Buyers,Base,0.8864,High,3.0,250700.0,7.0,6783.79,2.0,74878,YOW
M0019628,Engaged Points Buyers,Silver,0.8864,High,3.0,32200.0,12.0,6710.7,174.0,321739,YUL
M0028588,Engaged Points Buyers,Base,0.8864,High,33.0,1935700.0,7.0,10245.59,76.0,0,YHZ
M0019603,Engaged Points Buyers,Platinum,0.8862,High,32.0,2503700.0,6.0,5746.6900000000005,281.0,0,YVR
M0006045,Engaged Points Buyers,Silver,0.886,High,9.0,411600.0,7.0,7259.69,246.0,0,YYZ
M0034944,Engaged Points Buyers,Gold,0.886,High,36.0,1654100.0,7.0,6129.66,54.0,0,YUL
M0012036,Engaged Points Buyers,Gold,0.8859,High,14.0,773400.0,7.0,6059.32,54.0,0,YUL
M0031862,Engaged Points Buyers,Silver,0.8857,High,7.0,246800.0,9.0,9410.369999999999,44.0,334446,YWG
M0021011,Engaged Points Buyers,Silver,0.8853,High,27.0,1763500.0,7.0,4591.62,107.0,0,YYZ
M0036302,Engaged Points Buyers,Platinum,0.8852,High,4.0,207500.0,9.0,7075.02,4.0,117940,YUL
M0010472,Engaged Points Buyers,Gold,0.8847,High,5.0,158100.0,6.0,6627.13,177.0,249931,YYZ
M0018032,Engaged Points Buyers,Base,0.8839,High,7.0,438400.0,7.0,7385.5,122.0,0,YVR
M0015572,Engaged Points Buyers,Gold,0.8839,High,6.0,139200.0,8.0,6809.28,55.0,156938,YYZ
M0033184,Engaged Points Buyers,Silver,0.8837,High,2.0,204400.0,9.0,10902.11,110.0,399983,YYZ
M0017908,Engaged Points Buyers,Silver,0.8834,High,10.0,632500.0,7.0,9836.95,283.0,0,YOW
M0019318,Engaged Points Buyers,Gold,0.8829,High,6.0,234100.0,8.0,8989.57,9.0,151424,YUL
M0016928,Engaged Points Buyers,Base,0.882,High,11.0,524400.0,10.0,8311.94,13.0,0,YYC
M0033639,Engaged Points Buyers,Gold,0.8816,High,3.0,283400.0,8.0,6854.34,21.0,72958,YUL
M0031116,Engaged Points Buyers,Platinum,0.8815,High,1.0,16900.0,10.0,9451.44,118.0,368949,YYZ
M0012239,Engaged Points Buyers,Silver,0.8814,High,17.0,1407800.0,6.0,5946.2300000000005,228.0,0,YUL
M0005255,Engaged Points Buyers,Gold,0.8813,High,9.0,127600.0,11.0,10207.96,44.0,384081,YYZ
M0025095,Engaged Points Buyers,Base,0.8809,High,1.0,119200.0,8.0,7581.48,147.0,200213,YHZ
M0023586,Engaged Points Buyers,Silver,0.8808,High,15.0,740300.0,7.0,5964.4800000000005,23.0,0,YUL
M0011326,Engaged Points Buyers,Base,0.8805,High,20.0,828000.0,7.0,4690.37,170.0,0,YUL
M0031028,Engaged Points Buyers,Gold,0.8805,High,9.0,864800.0,6.0,6207.42,102.0,0,YWG
M0036345,Engaged Points Buyers,Silver,0.8801,High,3.0,196300.0,6.0,5460.03,29.0,52747,YVR
M0030787,Engaged Points Buyers,Silver,0.8801,High,24.0,1365000.0,7.0,11505.78,295.0,0,YUL
M0018127,Engaged Points Buyers,Gold,0.8794,High,3.0,80100.0,8.0,8836.43,16.0,330000,YYZ
M0028471,Engaged Points Buyers,Gold,0.8793,High,9.0,507900.0,8.0,5865.3,80.0,0,YYZ
M0002234,Engaged Points Buyers,Gold,0.8793,High,18.0,836700.0,6.0,4738.29,177.0,0,YYZ
M0020612,Engaged Points Buyers,Platinum,0.8793,High,9.0,601500.0,8.0,9145.82,101.0,0,YEG
M0036704,Engaged Points Buyers,Base,0.8791,High,5.0,495900.0,5.0,3085.65,231.0,0,YYZ
M0028549,Engaged Points Buyers,Silver,0.8786,High,44.0,2205100.0,8.0,6392.84,107.0,0,YEG
M0028263,Engaged Points Buyers,Base,0.8785,High,28.0,1523500.0,7.0,9747.83,30.0,0,YYZ
M0001407,Engaged Points Buyers,Gold,0.8783,High,11.0,1078800.0,6.0,4301.77,91.0,0,YUL
M0006830,Engaged Points Buyers,Silver,0.878,High,11.0,677300.0,7.0,3971.52,510.0,0,YYZ
M0012963,Engaged Points Buyers,Platinum,0.8778,High,12.0,409800.0,8.0,9207.08,28.0,28443,YYZ
M0026755,Engaged Points Buyers,Gold,0.8774,High,9.0,119600.0,9.0,5645.13,198.0,259790,YUL
M0032224,Engaged Points Buyers,Gold,0.8773,High,3.0,134300.0,8.0,5176.84,37.0,80719,YUL
M0009689,Engaged Points Buyers,Base,0.8771,High,21.0,1885300.0,7.0,9088.74,8.0,0,YYZ
M0037092,Engaged Points Buyers,Base,0.8769,High,22.0,1059600.0,7.0,8858.5,84.0,0,YUL
M0017233,Engaged Points Buyers,Silver,0.8764,High,16.0,669200.0,6.0,6658.95,224.0,0,YYZ
M0031269,Engaged Points Buyers,Platinum,0.8762,High,7.0,186900.0,9.0,7430.34,116.0,206111,YYZ
M0009895,Engaged Points Buyers,Silver,0.8758,High,10.0,351300.0,7.0,6850.1,75.0,947,YYZ
M0038347,Engaged Points Buyers,Silver,0.8755,High,9.0,333400.0,7.0,5463.62,29.0,0,YEG
M0038787,Engaged Points Buyers,Gold,0.8754,High,26.0,1314100.0,7.0,7515.2,135.0,0,YOW
M0029741,Engaged Points Buyers,Elite,0.8752,High,15.0,787800.0,8.0,6631.57,0.0,0,YYZ
M0016329,Engaged Points Buyers,Silver,0.8744,High,5.0,723900.0,6.0,6148.83,63.0,0,YVR
M0031652,Engaged Points Buyers,Base,0.8739,High,7.0,760200.0,5.0,7434.17,469.0,0,YWG
M0033802,Engaged Points Buyers,Silver,0.8735,High,3.0,339200.0,8.0,6357.11,41.0,0,YEG
M0029734,Engaged Points Buyers,Gold,0.873,High,35.0,1166600.0,7.0,5075.87,43.0,0,YUL
M0020547,Engaged Points Buyers,Gold,0.8727,High,17.0,810700.0,7.0,8783.96,208.0,0,YEG
M0003740,Engaged Points Buyers,Silver,0.8718,High,14.0,436600.0,8.0,5314.12,30.0,0,YUL
M0030871,Engaged Points Buyers,Base,0.8714,High,12.0,640300.0,8.0,6207.67,36.0,0,YYC
M0027381,Engaged Points Buyers,Base,0.8714,High,5.0,423200.0,6.0,4268.94,87.0,0,YYZ
M0033159,Engaged Points Buyers,Silver,0.8712,High,14.0,499000.0,8.0,7127.860000000001,121.0,0,YYZ
M0018809,Engaged Points Buyers,Silver,0.8709,High,6.0,477600.0,6.0,6039.76,186.0,0,YYZ
M0015965,Engaged Points Buyers,Elite,0.8707,High,3.0,306500.0,7.0,7201.1900000000005,88.0,10677,YYZ
M0019383,Engaged Points Buyers,Base,0.8706,High,1.0,28000.0,10.0,9733.710000000001,12.0,370615,YYZ
M0008132,Engaged Points Buyers,Silver,0.8702,High,8.0,322200.0,7.0,9083.439999999999,47.0,127788,YUL
M0012590,Engaged Points Buyers,Silver,0.8701,High,6.0,421700.0,6.0,5166.2,17.0,0,YVR
M0008990,Engaged Points Buyers,Silver,0.8698,High,8.0,525700.0,6.0,5024.58,30.0,0,YYC
M0016706,Engaged Points Buyers,Platinum,0.8689,High,2.0,40400.0,6.0,6116.22,40.0,238304,YWG
M0019691,Engaged Points Buyers,Base,0.8688,High,2.0,21500.0,9.0,12040.130000000001,192.0,457885,YYZ
M0017501,Engaged Points Buyers,Base,0.8676,High,2.0,38300.0,7.0,7145.75,21.0,470118,YYZ
M0002437,Engaged Points Buyers,Gold,0.8673,High,1.0,107500.0,7.0,9915.26,71.0,380729,YVR
M0009446,Engaged Points Buyers,Platinum,0.867,High,39.0,1979400.0,6.0,4909.12,410.0,0,YVR
M0034709,Engaged Points Buyers,Base,0.8668,High,33.0,1366100.0,7.0,8192.89,117.0,0,YYC
M0018717,Engaged Points Buyers,Base,0.8665,High,4.0,282400.0,6.0,6949.0,354.0,11312,YUL
M0005706,Engaged Points Buyers,Base,0.8663,High,7.0,148600.0,7.0,8975.1,299.0,249381,YYZ
M0005948,Engaged Points Buyers,Elite,0.8657,High,6.0,138000.0,7.0,9153.66,324.0,412531,YUL
M0030503,Engaged Points Buyers,Base,0.8642,High,7.0,331600.0,7.0,6102.780000000001,88.0,0,YYZ
M0016789,Engaged Points Buyers,Silver,0.8642,High,6.0,262300.0,8.0,7718.08,39.0,16153,YVR
M0013246,Engaged Points Buyers,Base,0.8641,High,4.0,241300.0,7.0,9417.78,217.0,182521,YYZ
M0037313,Engaged Points Buyers,Gold,0.8641,High,10.0,452700.0,7.0,10405.74,75.0,148148,YUL
M0006789,Engaged Points Buyers,Base,0.8641,High,5.0,259700.0,8.0,7928.97,8.0,141216,YYZ
M0029095,Engaged Points Buyers,Platinum,0.8631,High,8.0,419300.0,8.0,5178.32,105.0,0,YEG
M0035733,Engaged Points Buyers,Silver,0.8631,High,26.0,1124200.0,8.0,4218.75,121.0,0,YVR
M0027261,Engaged Points Buyers,Gold,0.8631,High,31.0,1914000.0,6.0,9008.25,111.0,0,YVR
M0012090,Engaged Points Buyers,Platinum,0.863,High,12.0,366100.0,7.0,8683.51,7.0,23833,YYZ
M0033270,Engaged Points Buyers,Gold,0.8629,High,11.0,1158600.0,5.0,3796.7599999999998,26.0,0,YYZ
M0035560,Engaged Points Buyers,Base,0.8628,High,18.0,776400.0,7.0,5674.79,224.0,0,YUL
M0018564,Engaged Points Buyers,Platinum,0.8625,High,11.0,903800.0,6.0,5971.58,114.0,0,YVR
M0012285,Engaged Points Buyers,Platinum,0.8611,High,13.0,650600.0,6.0,5933.4400000000005,437.0,0,YYZ
M0011783,Engaged Points Buyers,Silver,0.8605,High,20.0,1335700.0,6.0,4626.75,103.0,0,YVR
M0025859,Engaged Points Buyers,Base,0.8605,High,18.0,835300.0,8.0,5175.35,50.0,0,YUL
M0009526,Engaged Points Buyers,Silver,0.8602,High,11.0,1075800.0,7.0,7825.89,35.0,0,YYC
M0008435,Engaged Points Buyers,Platinum,0.8596,High,8.0,278600.0,7.0,10142.49,3.0,130457,YYZ
M0000072,Engaged Points Buyers,Silver,0.8594,High,8.0,803900.0,6.0,4108.8,58.0,0,YYZ
M0012236,Engaged Points Buyers,Platinum,0.8585,High,7.0,407100.0,6.0,7491.22,115.0,0,YWG
M0025128,Engaged Points Buyers,Gold,0.8572,High,3.0,176700.0,10.0,5680.89,41.0,97471,YYZ
M0010248,Engaged Points Buyers,Base,0.857,High,3.0,501800.0,7.0,9435.08,134.0,0,YVR
M0029379,Engaged Points Buyers,Silver,0.8568,High,1.0,34400.0,9.0,9161.65,23.0,416943,YWG
M0018581,Engaged Points Buyers,Silver,0.8565,High,4.0,912900.0,6.0,4532.98,104.0,0,YYZ
M0013361,Engaged Points Buyers,Platinum,0.8555,High,21.0,1482000.0,6.0,5058.91,12.0,0,YYZ
M0023040,Engaged Points Buyers,Silver,0.8549,High,3.0,459500.0,6.0,5601.54,17.0,0,YEG
M0015758,Engaged Points Buyers,Base,0.8547,High,15.0,645400.0,6.0,8607.73,8.0,0,YVR
M0028111,Engaged Points Buyers,Silver,0.8544,High,2.0,86200.0,7.0,5093.68,26.0,144810,YOW
M0023464,Engaged Points Buyers,Platinum,0.8539,High,3.0,174600.0,7.0,9205.48,238.0,270310,YVR
M0035330,Engaged Points Buyers,Silver,0.8537,High,7.0,97700.0,8.0,7083.71,133.0,275173,YYZ
M0000811,Engaged Points Buyers,Gold,0.8536,High,1.0,154700.0,5.0,3261.09,241.0,15900,YYZ
M0028345,Engaged Points Buyers,Platinum,0.8535,High,11.0,510600.0,5.0,3971.7400000000002,148.0,0,YVR
M0011319,Engaged Points Buyers,Silver,0.8534,High,8.0,175100.0,7.0,7446.03,192.0,265295,YYZ
M0008196,Engaged Points Buyers,Gold,0.8529,High,24.0,1512100.0,5.0,4340.46,179.0,0,YHZ
M0036042,Engaged Points Buyers,Gold,0.8515,High,2.0,299000.0,5.0,4873.71,135.0,0,YVR
M0013894,Engaged Points Buyers,Base,0.8509,High,13.0,783700.0,7.0,6911.62,51.0,0,YVR
M0036059,Engaged Points Buyers,Base,0.8493,High,10.0,1150900.0,6.0,9105.16,105.0,0,YEG
M0010071,Engaged Points Buyers,Base,0.8488,High,2.0,106200.0,8.0,5050.07,111.0,247508,YYZ
M0012929,Engaged Points Buyers,Silver,0.8486,High,11.0,427400.0,7.0,6910.88,147.0,11592,YYC
M0019619,Engaged Points Buyers,Silver,0.8479,High,12.0,813800.0,6.0,6434.4,26.0,0,YYC
M0029143,Engaged Points Buyers,Base,0.8478,High,13.0,997100.0,5.0,4549.25,62.0,0,YWG
M0025829,Engaged Points Buyers,Base,0.8474,High,14.0,378900.0,7.0,9230.96,0.0,0,YVR
M0007086,Engaged Points Buyers,Silver,0.8472,High,12.0,549900.0,6.0,4101.51,188.0,0,YVR
M0021958,Engaged Points Buyers,Gold,0.8472,High,10.0,433400.0,7.0,8337.89,60.0,29207,YYZ
M0008018,Engaged Points Buyers,Silver,0.8472,High,2.0,0.0,13.0,10196.14,4.0,501628,YOW
M0033982,Engaged Points Buyers,Base,0.8467,High,11.0,765000.0,5.0,6393.22,102.0,0,YOW
M0032005,Engaged Points Buyers,Base,0.8465,High,3.0,161500.0,7.0,6732.04,84.0,94685,YYZ
M0033967,Engaged Points Buyers,Elite,0.8465,High,2.0,202900.0,6.0,3810.28,10.0,10151,YYZ
M0025185,Engaged Points Buyers,Silver,0.8462,High,3.0,246400.0,7.0,4420.389999999999,304.0,19509,YUL
M0035521,Engaged Points Buyers,Base,0.8462,High,32.0,1795500.0,6.0,6022.2699999999995,238.0,0,YYZ
M0023186,Engaged Points Buyers,Base,0.8452,High,5.0,250500.0,7.0,7925.5199999999995,326.0,105802,YYZ
M0006884,Engaged Points Buyers,Base,0.8451,High,17.0,490600.0,7.0,7941.07,51.0,0,YHZ
M0028188,Engaged Points Buyers,Base,0.8435,High,13.0,315900.0,7.0,3587.98,90.0,0,YVR
M0035424,Engaged Points Buyers,Gold,0.8431,High,3.0,284900.0,5.0,5130.389999999999,179.0,0,YVR
M0025726,Engaged Points Buyers,Silver,0.8428,High,33.0,1973400.0,5.0,5405.6900000000005,361.0,0,YYC
M0038007,Engaged Points Buyers,Silver,0.8427,High,12.0,579300.0,6.0,6220.76,23.0,0,YUL
M0033814,Engaged Points Buyers,Base,0.8427,High,17.0,635800.0,6.0,4732.56,10.0,0,YVR
M0030179,Engaged Points Buyers,Silver,0.842,High,14.0,926900.0,5.0,7006.67,47.0,0,YHZ
M0039890,Engaged Points Buyers,Silver,0.8418,High,13.0,615100.0,7.0,8417.86,192.0,0,YVR
M0015505,Engaged Points Buyers,Gold,0.8414,High,8.0,216000.0,7.0,8214.869999999999,36.0,118235,YUL
M0009551,Engaged Points Buyers,Silver,0.8413,High,16.0,1085500.0,5.0,6328.91,11.0,0,YUL
M0017017,Engaged Points Buyers,Silver,0.841,High,11.0,790100.0,5.0,3734.58,122.0,0,YYC
M0024011,Engaged Points Buyers,Platinum,0.8404,High,16.0,1130300.0,6.0,5471.110000000001,93.0,0,YYC
M0007562,Engaged Points Buyers,Silver,0.8403,High,2.0,79300.0,8.0,11150.26,46.0,418097,YVR
M0024042,Engaged Points Buyers,Base,0.8401,High,5.0,304700.0,5.0,5750.67,276.0,0,YUL
M0035568,Engaged Points Buyers,Platinum,0.8397,High,4.0,300100.0,6.0,5563.26,110.0,0,YOW
M0011986,Engaged Points Buyers,Gold,0.8395,High,13.0,691100.0,6.0,5705.04,26.0,0,YYZ
M0013800,Engaged Points Buyers,Silver,0.8392,High,24.0,1297500.0,6.0,3925.3100000000004,90.0,0,YUL
M0036110,Engaged Points Buyers,Base,0.8389,High,20.0,714300.0,7.0,4910.5,41.0,0,YYC
M0023153,Engaged Points Buyers,Gold,0.8383,High,12.0,752100.0,6.0,5218.76,19.0,0,YYZ
M0029619,Engaged Points Buyers,Silver,0.8372,High,7.0,112700.0,7.0,4377.83,37.0,103381,YYZ
M0009247,Engaged Points Buyers,Gold,0.8366,High,5.0,333600.0,5.0,6440.83,22.0,0,YEG
M0011317,Engaged Points Buyers,Base,0.8362,High,17.0,1106200.0,5.0,4603.76,100.0,0,YWG
M0009810,Engaged Points Buyers,Gold,0.8356,High,24.0,1221700.0,5.0,3626.08,153.0,0,YYZ
M0011861,Engaged Points Buyers,Gold,0.8353,High,15.0,571900.0,6.0,5560.65,82.0,0,YVR
M0011346,Engaged Points Buyers,Base,0.8346,High,8.0,634500.0,5.0,4173.93,18.0,0,YYZ
M0011660,Engaged Points Buyers,Gold,0.8343,High,10.0,85500.0,8.0,6429.37,176.0,280920,YUL
M0035130,Engaged Points Buyers,Silver,0.8341,High,15.0,1404200.0,5.0,4817.3099999999995,192.0,0,YOW
M0030710,Engaged Points Buyers,Silver,0.834,High,16.0,989200.0,5.0,3260.0,161.0,0,YVR
M0018550,Engaged Points Buyers,Gold,0.8336,High,2.0,73800.0,7.0,6708.27,59.0,216780,YYC
M0009253,Engaged Points Buyers,Gold,0.8334,High,15.0,993600.0,6.0,7548.85,238.0,0,YVR
M0022430,Engaged Points Buyers,Gold,0.8331,High,8.0,581600.0,5.0,7039.73,19.0,0,YVR
M0031256,Engaged Points Buyers,Gold,0.8329,High,12.0,224400.0,6.0,4502.29,329.0,59061,YYZ
M0031591,Engaged Points Buyers,Gold,0.832,High,12.0,530700.0,6.0,6954.66,296.0,0,YVR
M0006279,Engaged Points Buyers,Platinum,0.8319,High,12.0,527000.0,6.0,3240.93,11.0,0,YWG
M0003286,Engaged Points Buyers,Base,0.8316,High,10.0,382900.0,6.0,4627.58,40.0,0,YYZ
M0038356,Engaged Points Buyers,Silver,0.8313,High,5.0,94900.0,9.0,7692.51,78.0,355756,YVR
M0009647,Engaged Points Buyers,Gold,0.8312,High,4.0,29300.0,9.0,8901.84,109.0,330945,YOW
M0025296,Engaged Points Buyers,Base,0.8311,High,9.0,565300.0,5.0,4034.04,246.0,0,YVR
M0030402,Engaged Points Buyers,Gold,0.8305,High,15.0,606200.0,6.0,6311.86,75.0,0,YYZ
M0006287,Engaged Points Buyers,Gold,0.83,High,9.0,479400.0,6.0,5807.89,59.0,0,YVR
M0019557,Engaged Points Buyers,Silver,0.8299,High,20.0,1238600.0,6.0,5361.22,29.0,0,YVR
M0003636,Engaged Points Buyers,Base,0.8296,High,13.0,589700.0,6.0,4976.07,40.0,0,YUL
M0037455,Engaged Points Buyers,Gold,0.8296,High,2.0,45900.0,8.0,9706.720000000001,18.0,370014,YVR
M0002499,Engaged Points Buyers,Base,0.829,High,44.0,2255400.0,5.0,2216.89,385.0,0,YUL
M0000871,Engaged Points Buyers,Gold,0.8288,High,21.0,608800.0,6.0,6268.28,123.0,0,YYZ
M0013663,Engaged Points Buyers,Platinum,0.8288,High,1.0,0.0,11.0,8566.869999999999,116.0,487130,YYZ
M0024700,Engaged Points Buyers,Gold,0.8285,High,5.0,435300.0,6.0,6152.21,49.0,0,YUL
M0024493,Engaged Points Buyers,Silver,0.8277,High,2.0,169300.0,7.0,5954.110000000001,75.0,69546,YWG
M0037270,Engaged Points Buyers,Base,0.8275,High,15.0,1517300.0,5.0,6941.27,38.0,0,YVR
M0018117,Engaged Points Buyers,Silver,0.8268,High,1.0,51500.0,6.0,9732.54,63.0,417256,YUL
M0017927,Engaged Points Buyers,Base,0.8259,High,14.0,676200.0,5.0,5092.05,97.0,0,YHZ
M0038075,Engaged Points Buyers,Gold,0.8251,High,3.0,289600.0,5.0,2799.32,24.0,0,YYZ
M0024744,Engaged Points Buyers,Gold,0.825,High,12.0,890900.0,6.0,4415.24,68.0,0,YYZ
M0000192,Engaged Points Buyers,Silver,0.8239,High,6.0,358300.0,6.0,7327.0,159.0,0,YYZ
M0034421,Engaged Points Buyers,Base,0.8239,High,6.0,180900.0,7.0,8006.12,38.0,174300,YVR
M0009538,Engaged Points Buyers,Gold,0.8239,High,6.0,558900.0,6.0,6142.950000000001,17.0,0,YYC
M0008755,Engaged Points Buyers,Silver,0.8233,High,1.0,25100.0,8.0,11388.07,85.0,581637,YYC
M0003461,Engaged Points Buyers,Silver,0.823,High,13.0,440300.0,5.0,4539.6900000000005,295.0,0,YOW
M0023224,Engaged Points Buyers,Silver,0.8222,High,1.0,107600.0,6.0,7071.8,183.0,254953,YYZ
M0012204,Engaged Points Buyers,Base,0.8222,High,8.0,341600.0,6.0,4570.8099999999995,51.0,0,YWG
M0012602,Engaged Points Buyers,Gold,0.8212,High,5.0,110300.0,7.0,7473.32,30.0,251515,YEG
M0024314,Engaged Points Buyers,Base,0.8212,High,9.0,355600.0,6.0,5817.91,155.0,0,YVR
M0001551,Engaged Points Buyers,Gold,0.8211,High,1.0,40200.0,6.0,6965.47,115.0,282248,YHZ
M0036235,Engaged Points Buyers,Silver,0.8206,High,2.0,257600.0,5.0,4284.88,75.0,0,YVR
M0013343,Engaged Points Buyers,Silver,0.8204,High,3.0,277400.0,5.0,5334.57,216.0,0,YYZ
M0012361,Engaged Points Buyers,Silver,0.8203,High,6.0,154800.0,7.0,5384.860000000001,10.0,64293,YOW
M0021019,Engaged Points Buyers,Base,0.8202,High,1.0,406700.0,5.0,2712.49,6.0,0,YVR
M0028718,Engaged Points Buyers,Silver,0.8199,High,4.0,151300.0,5.0,3967.7599999999998,268.0,68335,YYZ
M0029972,Engaged Points Buyers,Gold,0.8198,High,27.0,1515900.0,5.0,6429.639999999999,118.0,0,YVR
M0005347,Engaged Points Buyers,Base,0.8198,High,3.0,299600.0,6.0,4615.26,7.0,0,YVR
M0032938,Engaged Points Buyers,Gold,0.8194,High,2.0,36400.0,6.0,5378.84,101.0,264982,YUL
M0004786,Engaged Points Buyers,Silver,0.8191,High,8.0,558900.0,5.0,5405.37,13.0,0,YYZ
M0011993,Engaged Points Buyers,Base,0.8188,High,10.0,463200.0,6.0,5879.02,290.0,0,YYC
M0008249,Engaged Points Buyers,Elite,0.8178,High,13.0,289800.0,7.0,6205.14,47.0,75667,YYZ
M0012844,Engaged Points Buyers,Gold,0.8163,High,8.0,794200.0,5.0,5510.84,187.0,0,YYZ
M0003826,Engaged Points Buyers,Gold,0.8161,High,7.0,499600.0,5.0,4234.26,68.0,0,YYC
M0038588,Engaged Points Buyers,Base,0.8158,High,4.0,91200.0,6.0,6198.299999999999,18.0,244282,YOW
M0022842,Engaged Points Buyers,Platinum,0.8156,High,19.0,1073300.0,5.0,3773.06,51.0,0,YUL
M0012887,Engaged Points Buyers,Gold,0.8156,High,12.0,289000.0,7.0,4876.93,90.0,0,YUL
M0003968,Engaged Points Buyers,Gold,0.8153,High,3.0,82400.0,6.0,4115.29,75.0,131676,YWG
M0008244,Engaged Points Buyers,Base,0.814,High,16.0,882500.0,5.0,3041.1,28.0,0,YYZ
M0009491,Engaged Points Buyers,Gold,0.8133,High,4.0,176800.0,5.0,2938.66,27.0,30275,YOW
M0007759,Engaged Points Buyers,Base,0.8132,High,17.0,815200.0,5.0,3914.86,170.0,0,YUL
M0002146,Engaged Points Buyers,Silver,0.8124,High,3.0,170400.0,7.0,5053.85,169.0,80659,YUL
M0002729,Engaged Points Buyers,Base,0.8116,High,1.0,43500.0,7.0,8175.34,208.0,413261,YOW
M0019442,Engaged Points Buyers,Silver,0.8104,High,5.0,385600.0,6.0,4830.96,185.0,0,YYC
M0019441,Engaged Points Buyers,Gold,0.8099,High,6.0,172100.0,8.0,7051.19,48.0,150691,YYZ
M0014426,Engaged Points Buyers,Base,0.8098,High,4.0,311000.0,7.0,5506.53,61.0,0,YWG
M0023413,Engaged Points Buyers,Gold,0.8086,High,10.0,315100.0,6.0,5718.74,1.0,0,YUL
M0030458,Engaged Points Buyers,Gold,0.8083,High,4.0,424300.0,4.0,4415.43,336.0,0,YUL
M0039835,Engaged Points Buyers,Platinum,0.8082,High,7.0,362600.0,5.0,3021.49,133.0,0,YUL
M0007902,Engaged Points Buyers,Base,0.808,High,13.0,563600.0,5.0,5700.66,282.0,0,YYZ
M0037641,Engaged Points Buyers,Gold,0.808,High,1.0,26300.0,7.0,7007.32,331.0,334182,YEG
M0016956,Engaged Points Buyers,Platinum,0.8078,High,8.0,298800.0,6.0,9044.46,2.0,216816,YUL
M0001278,Engaged Points Buyers,Base,0.8077,High,11.0,483200.0,5.0,5802.67,76.0,0,YYZ
M0015134,Engaged Points Buyers,Gold,0.8071,High,3.0,289700.0,6.0,3775.23,293.0,0,YEG
M0007761,Engaged Points Buyers,Platinum,0.8071,High,20.0,648900.0,5.0,3743.19,108.0,0,YYZ
M0039321,Engaged Points Buyers,Base,0.8069,High,11.0,230100.0,6.0,3899.9300000000003,187.0,76433,YOW
M0026006,Engaged Points Buyers,Silver,0.8059,High,8.0,384000.0,5.0,4870.8,268.0,0,YVR
M0004354,Engaged Points Buyers,Gold,0.8058,High,27.0,1012500.0,6.0,4708.96,47.0,0,YYZ
M0030902,Engaged Points Buyers,Base,0.8051,High,10.0,490400.0,6.0,8419.85,100.0,0,YOW
M0030157,Engaged Points Buyers,Elite,0.8048,High,7.0,257900.0,4.0,4630.42,269.0,0,YYZ
M0014951,Engaged Points Buyers,Silver,0.8041,High,3.0,157300.0,5.0,6195.18,228.0,149005,YYZ
M0037407,Engaged Points Buyers,Silver,0.8023,High,8.0,167100.0,6.0,5065.9400000000005,260.0,79191,YYZ
M0010251,Engaged Points Buyers,Base,0.8022,High,11.0,451400.0,5.0,7788.85,117.0,0,YYZ
M0003058,Engaged Points Buyers,Gold,0.8005,High,12.0,580200.0,6.0,8544.58,89.0,0,YYZ
M0004068,Engaged Points Buyers,Silver,0.8003,High,3.0,49500.0,7.0,7614.55,179.0,280191,YUL
M0009859,Engaged Points Buyers,Base,0.8,High,13.0,782500.0,5.0,4041.69,49.0,0,YUL
M0016914,Engaged Points Buyers,Elite,0.7991,High,8.0,361800.0,4.0,1987.27,261.0,0,YVR
M0034369,Engaged Points Buyers,Gold,0.7988,High,5.0,223500.0,5.0,3645.7000000000003,90.0,0,YEG
M0026143,Engaged Points Buyers,Gold,0.7988,High,1.0,412500.0,4.0,3602.45,217.0,0,YHZ
M0011594,Engaged Points Buyers,Silver,0.7982,High,6.0,119000.0,6.0,7166.97,172.0,246678,YYZ
M0033313,Engaged Points Buyers,Silver,0.7972,High,10.0,395300.0,5.0,4386.96,37.0,0,YYZ
M0028048,Engaged Points Buyers,Gold,0.797,High,6.0,510200.0,4.0,9204.26,161.0,0,YOW
M0005468,Engaged Points Buyers,Base,0.7959,High,21.0,753200.0,5.0,2673.4700000000003,158.0,0,YYZ
M0025838,Engaged Points Buyers,Silver,0.7958,High,17.0,842600.0,5.0,4628.7,103.0,0,YVR
M0028528,Engaged Points Buyers,Silver,0.7945,High,3.0,57300.0,7.0,10615.42,9.0,427141,YYZ
M0017160,Engaged Points Buyers,Gold,0.7944,High,11.0,331000.0,5.0,3652.84,142.0,0,YVR
M0032876,Engaged Points Buyers,Base,0.7939,High,22.0,1036300.0,5.0,3335.06,13.0,0,YYC
M0009779,Engaged Points Buyers,Silver,0.7935,High,3.0,138200.0,5.0,2745.09,1.0,69515,YVR
M0013367,Engaged Points Buyers,Base,0.7927,High,20.0,525200.0,5.0,3981.46,76.0,0,YVR
M0021982,Engaged Points Buyers,Platinum,0.7924,High,8.0,644300.0,5.0,4731.24,167.0,0,YUL
M0016393,Engaged Points Buyers,Platinum,0.7919,High,12.0,433300.0,7.0,7619.83,103.0,0,YYC
M0004217,Engaged Points Buyers,Base,0.7911,High,10.0,396600.0,4.0,3505.71,52.0,0,YUL
M0015371,Engaged Points Buyers,Platinum,0.7906,High,2.0,43600.0,8.0,9857.81,106.0,518671,YYZ
M0018678,Engaged Points Buyers,Silver,0.7906,High,6.0,362800.0,5.0,4073.36,105.0,0,YHZ
M0035937,Engaged Points Buyers,Gold,0.7898,High,13.0,418800.0,5.0,7424.22,150.0,31071,YHZ
M0036560,Engaged Points Buyers,Gold,0.7891,High,24.0,790600.0,5.0,4648.74,121.0,0,YVR
M0025968,Engaged Points Buyers,Gold,0.7888,High,18.0,1248200.0,5.0,3626.4199999999996,132.0,0,YVR
M0025802,Engaged Points Buyers,Base,0.7875,High,2.0,118400.0,5.0,4411.28,17.0,104440,YYZ
M0002572,Engaged Points Buyers,Gold,0.7862,High,22.0,995600.0,5.0,4161.09,112.0,0,YOW
M0020853,Engaged Points Buyers,Silver,0.7862,High,4.0,119800.0,6.0,3694.08,35.0,62533,YVR
M0011084,Engaged Points Buyers,Base,0.7853,High,6.0,458400.0,6.0,4554.46,88.0,0,YWG
M0006841,Engaged Points Buyers,Base,0.7853,High,7.0,462100.0,4.0,4693.93,364.0,0,YUL
M0007610,Engaged Points Buyers,Silver,0.7851,High,5.0,116800.0,5.0,4022.07,58.0,99071,YUL
M0003381,Engaged Points Buyers,Gold,0.7848,High,10.0,373300.0,5.0,5628.48,167.0,0,YWG
M0032307,Engaged Points Buyers,Base,0.7843,High,15.0,547400.0,5.0,6687.900000000001,155.0,0,YYZ
M0026140,Engaged Points Buyers,Silver,0.7843,High,7.0,156800.0,6.0,6443.389999999999,126.0,132872,YYZ
M0021169,Engaged Points Buyers,Base,0.7837,High,1.0,23400.0,7.0,7525.92,26.0,361206,YYZ
M0039513,Engaged Points Buyers,Base,0.7833,High,2.0,67300.0,4.0,6098.76,251.0,197838,YUL
M0025783,Engaged Points Buyers,Gold,0.7816,High,23.0,819200.0,5.0,7222.98,168.0,0,YUL
M0012416,Engaged Points Buyers,Elite,0.7812,High,4.0,180100.0,5.0,2765.59,149.0,14396,YYZ
M0029197,Engaged Points Buyers,Silver,0.781,High,6.0,162800.0,6.0,2929.79,51.0,33042,YWG
M0005122,Engaged Points Buyers,Silver,0.781,High,6.0,418500.0,4.0,3734.58,167.0,0,YHZ
M0033566,Engaged Points Buyers,Base,0.7806,High,4.0,507400.0,3.0,1963.56,256.0,0,YYZ
M0014435,Engaged Points Buyers,Platinum,0.7795,High,17.0,1046900.0,4.0,2883.34,129.0,0,YYZ
M0038830,Engaged Points Buyers,Platinum,0.7785,High,4.0,203000.0,4.0,2847.77,39.0,18100,YVR
M0034078,Engaged Points Buyers,Silver,0.7781,High,9.0,351000.0,5.0,3541.01,42.0,0,YHZ
M0023979,Engaged Points Buyers,Silver,0.7778,High,15.0,648900.0,5.0,2959.75,44.0,0,YYZ
M0030485,Engaged Points Buyers,Platinum,0.7772,High,11.0,426400.0,4.0,4504.4,34.0,0,YUL
M0017520,Engaged Points Buyers,Base,0.7764,High,17.0,299300.0,5.0,3358.34,231.0,85663,YYZ
M0033402,Engaged Points Buyers,Silver,0.7758,High,10.0,339000.0,5.0,7175.04,102.0,0,YYZ
M0012548,Engaged Points Buyers,Silver,0.7754,High,22.0,803500.0,5.0,2495.46,37.0,0,YVR
M0019778,Engaged Points Buyers,Silver,0.7752,High,11.0,256300.0,5.0,5289.68,39.0,1987,YWG
M0008466,Engaged Points Buyers,Silver,0.7748,High,9.0,368500.0,5.0,5139.44,146.0,0,YWG
M0022194,Engaged Points Buyers,Silver,0.7748,High,9.0,126500.0,6.0,3624.88,14.0,105885,YVR
M0028019,Engaged Points Buyers,Base,0.7727,High,5.0,85500.0,7.0,6527.99,20.0,206582,YUL
M0021706,Engaged Points Buyers,Silver,0.7717,High,22.0,1066900.0,4.0,5006.08,85.0,0,YWG
M0021503,Engaged Points Buyers,Silver,0.7703,High,2.0,51700.0,5.0,10216.94,121.0,300774,YYZ
M0025879,Engaged Points Buyers,Elite,0.7694,High,6.0,624000.0,5.0,5065.72,80.0,0,YUL
M0025686,Engaged Points Buyers,Silver,0.7686,High,3.0,58300.0,6.0,5629.29,66.0,153606,YVR
M0001275,Engaged Points Buyers,Silver,0.7671,High,16.0,501900.0,5.0,7440.27,30.0,0,YVR
M0024228,Engaged Points Buyers,Silver,0.7669,High,13.0,766900.0,5.0,3366.83,39.0,0,YYC
M0000398,Engaged Points Buyers,Silver,0.7664,High,11.0,273400.0,5.0,3457.26,187.0,0,YUL
M0015481,Engaged Points Buyers,Gold,0.7661,High,3.0,66000.0,5.0,5431.98,151.0,273263,YYZ
M0013618,Engaged Points Buyers,Base,0.7659,High,8.0,299200.0,6.0,7552.06,58.0,134649,YWG
M0022824,Engaged Points Buyers,Platinum,0.7657,High,6.0,407800.0,4.0,4090.12,218.0,0,YYZ
M0009950,Engaged Points Buyers,Base,0.7657,High,16.0,712500.0,5.0,4097.3099999999995,65.0,0,YVR
M0015645,Engaged Points Buyers,Base,0.7655,High,9.0,600900.0,4.0,3005.77,187.0,0,YVR
M0026253,Engaged Points Buyers,Silver,0.7653,High,5.0,134300.0,6.0,5037.83,10.0,125868,YYC
M0026121,Engaged Points Buyers,Base,0.7652,High,2.0,96700.0,4.0,2399.7400000000002,203.0,58443,YEG
M0022086,Engaged Points Buyers,Silver,0.7649,Medium,5.0,167500.0,4.0,3852.6800000000003,259.0,47896,YYZ
M0003082,Engaged Points Buyers,Silver,0.7644,Medium,9.0,401800.0,5.0,5927.76,250.0,0,YUL
M0026470,Engaged Points Buyers,Base,0.7642,Medium,4.0,901800.0,4.0,3437.02,409.0,0,YVR
M0012577,Engaged Points Buyers,Silver,0.7637,Medium,21.0,939500.0,4.0,4140.28,205.0,0,YYZ
M0015898,Engaged Points Buyers,Base,0.7635,Medium,9.0,170300.0,6.0,5009.83,34.0,180053,YVR
M0036537,Engaged Points Buyers,Silver,0.7634,Medium,19.0,1431100.0,4.0,3420.87,133.0,0,YYZ
M0006058,Engaged Points Buyers,Silver,0.7631,Medium,13.0,491900.0,4.0,4623.45,40.0,0,YUL
M0027305,Engaged Points Buyers,Base,0.763,Medium,15.0,782600.0,5.0,4568.7699999999995,9.0,0,YVR
M0002162,Engaged Points Buyers,Gold,0.7624,Medium,7.0,518600.0,4.0,3268.96,17.0,0,YUL
M0007621,Engaged Points Buyers,Gold,0.7618,Medium,7.0,533900.0,4.0,3961.41,77.0,0,YVR
M0009304,Engaged Points Buyers,Gold,0.7614,Medium,10.0,553700.0,4.0,5273.36,107.0,0,YYZ
M0016276,Engaged Points Buyers,Silver,0.7611,Medium,11.0,678100.0,4.0,3733.1800000000003,51.0,0,YEG
M0037801,Engaged Points Buyers,Gold,0.7603,Medium,12.0,715500.0,5.0,5463.719999999999,21.0,0,YYZ
M0038212,Engaged Points Buyers,Platinum,0.7598,Medium,4.0,115800.0,5.0,3545.33,43.0,108206,YYZ
M0017471,Engaged Points Buyers,Gold,0.7594,Medium,12.0,495200.0,4.0,2446.2799999999997,457.0,0,YVR
M0034698,Engaged Points Buyers,Gold,0.7592,Medium,18.0,494000.0,5.0,5417.66,57.0,0,YUL
M0036365,Engaged Points Buyers,Base,0.7591,Medium,19.0,703500.0,4.0,2289.53,280.0,0,YYZ
M0008860,Engaged Points Buyers,Base,0.7591,Medium,17.0,1317300.0,4.0,3548.94,16.0,0,YYC
M0027983,Engaged Points Buyers,Silver,0.7588,Medium,2.0,32600.0,7.0,6971.19,174.0,300414,YHZ
M0006573,Engaged Points Buyers,Gold,0.7587,Medium,4.0,272500.0,4.0,3508.62,268.0,0,YUL
M0030180,Engaged Points Buyers,Silver,0.7587,Medium,17.0,949800.0,4.0,2639.17,114.0,0,YYZ
M0010561,Engaged Points Buyers,Gold,0.7579,Medium,22.0,1445100.0,3.0,2518.4100000000003,544.0,0,YYZ
M0027097,Engaged Points Buyers,Platinum,0.7567,Medium,10.0,632600.0,5.0,3895.52,161.0,0,YYC
M0021977,Engaged Points Buyers,Platinum,0.7561,Medium,3.0,206400.0,5.0,5409.9800000000005,139.0,57539,YWG
M0006336,Engaged Points Buyers,Gold,0.7538,Medium,5.0,611700.0,3.0,2512.11,69.0,0,YUL
M0035373,Engaged Points Buyers,Platinum,0.7536,Medium,14.0,738100.0,4.0,6116.32,76.0,0,YYZ
M0023500,Engaged Points Buyers,Base,0.7535,Medium,13.0,178800.0,5.0,5514.65,106.0,68737,YYZ
M0039941,Engaged Points Buyers,Silver,0.7529,Medium,19.0,461100.0,5.0,4597.53,115.0,0,YVR
M0020723,Engaged Points Buyers,Base,0.7527,Medium,8.0,425200.0,4.0,3453.5,10.0,0,YYZ
M0029855,Engaged Points Buyers,Gold,0.7526,Medium,2.0,30300.0,7.0,5800.3,63.0,190996,YEG
M0019816,Engaged Points Buyers,Platinum,0.7517,Medium,17.0,852000.0,4.0,6245.77,58.0,0,YYZ
M0014479,Engaged Points Buyers,Platinum,0.7514,Medium,14.0,1115700.0,4.0,2695.77,28.0,0,YUL
M0032547,Engaged Points Buyers,Silver,0.7513,Medium,3.0,26100.0,6.0,5255.95,36.0,316795,YYC
M0027709,Engaged Points Buyers,Platinum,0.75,Medium,5.0,163000.0,5.0,4869.02,193.0,179149,YUL
M0037828,Engaged Points Buyers,Silver,0.7497,Medium,7.0,228100.0,4.0,2728.64,372.0,0,YYZ
M0012085,Engaged Points Buyers,Gold,0.749,Medium,5.0,83900.0,6.0,5570.48,18.0,201467,YWG
M0028922,Engaged Points Buyers,Silver,0.7487,Medium,12.0,332200.0,5.0,5263.79,27.0,0,YUL
M0025503,Engaged Points Buyers,Base,0.7485,Medium,4.0,292200.0,5.0,6117.32,88.0,90037,YVR
M0026077,Engaged Points Buyers,Silver,0.7482,Medium,7.0,491600.0,4.0,3081.25,107.0,0,YVR
M0036127,Engaged Points Buyers,Gold,0.7469,Medium,2.0,90100.0,5.0,2793.63,14.0,86454,YVR
M0013933,Engaged Points Buyers,Base,0.7464,Medium,12.0,272800.0,6.0,6688.57,52.0,54910,YYZ
M0022783,Engaged Points Buyers,Base,0.7463,Medium,15.0,335500.0,5.0,5440.74,247.0,0,YYZ
M0021091,Engaged Points Buyers,Silver,0.7455,Medium,1.0,28200.0,6.0,6232.95,39.0,258855,YWG
M0018747,Engaged Points Buyers,Base,0.7455,Medium,34.0,1411100.0,4.0,5004.23,95.0,0,YYZ
M0012218,Engaged Points Buyers,Gold,0.7452,Medium,8.0,504300.0,4.0,4541.94,60.0,0,YUL
M0018021,Engaged Points Buyers,Silver,0.745,Medium,9.0,290200.0,5.0,4441.04,137.0,0,YUL
M0009497,Engaged Points Buyers,Gold,0.7444,Medium,4.0,198400.0,5.0,4145.19,13.0,66767,YWG
M0013274,Engaged Points Buyers,Elite,0.7444,Medium,14.0,830000.0,4.0,4695.63,304.0,0,YYZ
M0039758,Engaged Points Buyers,Silver,0.7438,Medium,6.0,528000.0,4.0,1457.34,133.0,0,YYC
M0034305,Engaged Points Buyers,Gold,0.7436,Medium,4.0,144700.0,4.0,5465.71,192.0,177949,YYZ
M0012089,Engaged Points Buyers,Base,0.7434,Medium,13.0,272700.0,5.0,5097.73,143.0,7557,YYZ
M0016030,Engaged Points Buyers,Silver,0.741,Medium,11.0,244200.0,5.0,5006.07,476.0,67039,YYZ
M0039224,Engaged Points Buyers,Silver,0.7409,Medium,9.0,674800.0,4.0,3509.77,143.0,0,YYZ
M0008525,Engaged Points Buyers,Base,0.7405,Medium,5.0,264300.0,4.0,3909.64,82.0,0,YEG
M0032314,Engaged Points Buyers,Silver,0.7399,Medium,4.0,187700.0,4.0,4918.2,24.0,43692,YVR
M0010713,Engaged Points Buyers,Gold,0.7394,Medium,27.0,1289400.0,4.0,3680.7599999999998,358.0,0,YUL
M0021458,Engaged Points Buyers,Base,0.7392,Medium,15.0,823400.0,3.0,2209.66,221.0,0,YVR
M0038130,Engaged Points Buyers,Silver,0.7391,Medium,6.0,276300.0,4.0,6025.22,205.0,19547,YWG
M0015664,Engaged Points Buyers,Silver,0.739,Medium,2.0,13500.0,6.0,7309.139999999999,48.0,270911,YEG
M0036435,Engaged Points Buyers,Silver,0.7388,Medium,8.0,461600.0,3.0,2027.5100000000002,542.0,0,YYZ
M0011003,Engaged Points Buyers,Base,0.7381,Medium,8.0,210100.0,5.0,4880.84,125.0,0,YOW
M0001000,Engaged Points Buyers,Base,0.7378,Medium,1.0,0.0,8.0,8671.32,93.0,299553,YVR
M0007848,Engaged Points Buyers,Gold,0.7377,Medium,13.0,583200.0,4.0,2724.41,0.0,0,YYZ
M0019484,Engaged Points Buyers,Silver,0.7372,Medium,7.0,316000.0,4.0,4998.21,369.0,0,YVR
M0020617,Engaged Points Buyers,Platinum,0.7369,Medium,12.0,1319900.0,3.0,2592.85,359.0,0,YVR
M0018649,Engaged Points Buyers,Silver,0.736,Medium,9.0,265800.0,4.0,1570.19,209.0,0,YYC
M0017572,Engaged Points Buyers,Gold,0.7357,Medium,7.0,421600.0,4.0,6089.18,183.0,0,YUL
M0026634,Engaged Points Buyers,Base,0.7347,Medium,6.0,538900.0,4.0,2842.46,183.0,0,YYC
M0019355,Engaged Points Buyers,Silver,0.7341,Medium,7.0,296400.0,4.0,2370.13,65.0,0,YWG
M0025897,Engaged Points Buyers,Silver,0.7339,Medium,9.0,346400.0,4.0,3740.15,152.0,0,YUL
M0015006,Engaged Points Buyers,Base,0.7335,Medium,3.0,237800.0,5.0,5716.88,33.0,112361,YYZ
M0031971,Engaged Points Buyers,Silver,0.7334,Medium,12.0,195300.0,5.0,6727.46,189.0,217635,YUL
M0028429,Engaged Points Buyers,Gold,0.7331,Medium,9.0,303500.0,4.0,2362.38,181.0,0,YUL
M0020803,Engaged Points Buyers,Base,0.7328,Medium,32.0,1226800.0,4.0,3328.7,136.0,0,YYZ
M0018410,Engaged Points Buyers,Gold,0.7321,Medium,51.0,2344000.0,4.0,3340.46,103.0,0,YYZ
M0007205,Engaged Points Buyers,Silver,0.7319,Medium,15.0,559200.0,4.0,5545.360000000001,34.0,0,YVR
M0000918,Engaged Points Buyers,Base,0.7319,Medium,11.0,978900.0,3.0,2799.03,249.0,0,YYZ
M0014799,Engaged Points Buyers,Silver,0.7319,Medium,7.0,895200.0,3.0,1923.5,323.0,0,YWG
M0016934,Engaged Points Buyers,Base,0.7316,Medium,7.0,734400.0,3.0,4126.92,224.0,0,YYZ
M0035207,Engaged Points Buyers,Base,0.7293,Medium,10.0,343000.0,5.0,3604.24,164.0,0,YYZ
M0016708,Engaged Points Buyers,Platinum,0.729,Medium,13.0,634500.0,4.0,3034.9,227.0,0,YYZ
M0015873,Engaged Points Buyers,Silver,0.7287,Medium,7.0,203000.0,6.0,6490.4400000000005,160.0,150759,YVR
M0004013,Engaged Points Buyers,Silver,0.7281,Medium,21.0,977500.0,5.0,4317.68,131.0,0,YUL
M0031473,Engaged Points Buyers,Gold,0.7279,Medium,1.0,456500.0,3.0,2136.02,314.0,0,YYZ
M0014266,Engaged Points Buyers,Silver,0.7277,Medium,8.0,1160700.0,3.0,1957.8200000000002,420.0,0,YOW
M0026355,Engaged Points Buyers,Platinum,0.7274,Medium,12.0,419900.0,5.0,6859.110000000001,251.0,0,YYZ
M0027729,Engaged Points Buyers,Base,0.7268,Medium,10.0,475700.0,4.0,5798.45,168.0,0,YVR
M0015853,Engaged Points Buyers,Silver,0.726,Medium,7.0,670900.0,3.0,1757.3600000000001,324.0,0,YOW
M0023441,Engaged Points Buyers,Gold,0.7248,Medium,4.0,125500.0,5.0,7085.68,7.0,202986,YYC
M0026917,Engaged Points Buyers,Silver,0.7243,Medium,9.0,252200.0,4.0,3461.1000000000004,230.0,20833,YUL
M0006246,Engaged Points Buyers,Silver,0.7231,Medium,7.0,364700.0,4.0,2241.68,164.0,0,YOW
M0016338,Engaged Points Buyers,Base,0.7226,Medium,8.0,681500.0,4.0,2563.64,187.0,0,YVR
M0017179,Engaged Points Buyers,Gold,0.722,Medium,7.0,580700.0,4.0,3000.91,157.0,0,YEG
M0004377,Engaged Points Buyers,Gold,0.7217,Medium,8.0,397200.0,4.0,2746.08,156.0,0,YVR
M0033854,Engaged Points Buyers,Elite,0.7212,Medium,3.0,183500.0,4.0,4063.42,85.0,9139,YYC
M0039951,Engaged Points Buyers,Base,0.7204,Medium,6.0,563400.0,3.0,2595.8900000000003,32.0,0,YUL
M0005069,Engaged Points Buyers,Base,0.7183,Medium,8.0,253200.0,5.0,5899.38,204.0,0,YVR
M0007164,Engaged Points Buyers,Silver,0.7176,Medium,11.0,405800.0,3.0,4306.42,228.0,0,YUL
M0019696,Engaged Points Buyers,Silver,0.7173,Medium,8.0,402600.0,4.0,3806.03,434.0,0,YEG
M0028321,Engaged Points Buyers,Platinum,0.7168,Medium,1.0,368600.0,3.0,1787.5400000000002,73.0,0,YVR
M0012827,Engaged Points Buyers,Silver,0.7164,Medium,1.0,69700.0,4.0,4098.01,130.0,116512,YYZ
M0024260,Engaged Points Buyers,Base,0.7164,Medium,20.0,1080400.0,4.0,3503.07,124.0,0,YOW
M0015127,Engaged Points Buyers,Platinum,0.7149,Medium,14.0,746100.0,4.0,2606.1,4.0,0,YVR
M0023746,Engaged Points Buyers,Gold,0.7141,Medium,1.0,115100.0,4.0,4310.76,32.0,94320,YVR
M0019399,Engaged Points Buyers,Silver,0.7138,Medium,5.0,296700.0,4.0,5648.17,475.0,0,YHZ
M0005735,Engaged Points Buyers,Silver,0.7138,Medium,10.0,507400.0,4.0,3626.08,46.0,0,YVR
M0023115,Engaged Points Buyers,Base,0.7136,Medium,3.0,252100.0,3.0,5662.42,158.0,0,YVR
M0022106,Engaged Points Buyers,Base,0.7133,Medium,6.0,156700.0,4.0,4157.92,167.0,51298,YVR
M0007654,Engaged Points Buyers,Base,0.7129,Medium,17.0,488500.0,4.0,4302.35,17.0,0,YYZ
M0005648,Engaged Points Buyers,Gold,0.7126,Medium,15.0,171700.0,5.0,4903.5,94.0,88609,YOW
M0038764,Engaged Points Buyers,Silver,0.7124,Medium,26.0,1250400.0,3.0,4522.3,310.0,0,YHZ
M0003296,Engaged Points Buyers,Platinum,0.7123,Medium,23.0,1043600.0,3.0,7786.099999999999,294.0,0,YOW
M0031904,Engaged Points Buyers,Platinum,0.7119,Medium,12.0,647500.0,4.0,2856.8900000000003,3.0,0,YUL
M0033200,Engaged Points Buyers,Base,0.7117,Medium,9.0,545900.0,3.0,1028.0700000000002,311.0,0,YYZ
M0038997,Engaged Points Buyers,Platinum,0.7112,Medium,3.0,134300.0,4.0,3584.83,108.0,9127,YWG
M0022328,Engaged Points Buyers,Base,0.7094,Medium,5.0,254100.0,4.0,3745.8199999999997,14.0,0,YUL
M0033396,Engaged Points Buyers,Gold,0.7091,Medium,9.0,223300.0,4.0,2765.4,158.0,0,YEG
M0037814,Engaged Points Buyers,Base,0.7086,Medium,5.0,368600.0,5.0,3972.7,159.0,0,YVR
M0033870,Engaged Points Buyers,Platinum,0.7085,Medium,13.0,585000.0,4.0,4405.82,92.0,0,YYZ
M0011960,Engaged Points Buyers,Base,0.708,Medium,2.0,213300.0,4.0,4960.27,38.0,80738,YYZ
M0012458,Engaged Points Buyers,Base,0.708,Medium,4.0,98700.0,4.0,3942.7999999999997,52.0,111154,YWG
M0034275,Engaged Points Buyers,Base,0.7079,Medium,16.0,932000.0,3.0,3385.8900000000003,215.0,0,YYZ
M0004759,Engaged Points Buyers,Gold,0.7075,Medium,18.0,1761200.0,3.0,2544.71,201.0,0,YVR
M0036303,Engaged Points Buyers,Base,0.707,Medium,6.0,150100.0,5.0,4245.66,16.0,34666,YVR
M0026131,Engaged Points Buyers,Silver,0.7068,Medium,7.0,171000.0,4.0,4183.88,111.0,3523,YUL
M0029973,Engaged Points Buyers,Silver,0.7067,Medium,12.0,458200.0,4.0,3146.9300000000003,21.0,0,YYC
M0034109,Engaged Points Buyers,Base,0.7066,Medium,4.0,239000.0,3.0,1910.26,328.0,0,YYZ
M0024507,Engaged Points Buyers,Silver,0.7065,Medium,7.0,729100.0,4.0,5688.19,2.0,0,YUL
M0016046,Engaged Points Buyers,Base,0.7063,Medium,23.0,1595000.0,3.0,5591.570000000001,225.0,0,YYZ
M0036379,Engaged Points Buyers,Platinum,0.7052,Medium,8.0,195400.0,5.0,5992.06,145.0,249396,YUL
M0004414,Engaged Points Buyers,Silver,0.7052,Medium,20.0,1117100.0,3.0,4208.24,176.0,0,YVR
M0017038,Engaged Points Buyers,Gold,0.7051,Medium,1.0,110200.0,4.0,3873.92,130.0,78210,YEG
M0038643,Engaged Points Buyers,Base,0.7042,Medium,3.0,567900.0,3.0,2514.99,369.0,0,YYC
M0012917,Engaged Points Buyers,Base,0.7036,Medium,6.0,363400.0,3.0,4209.2300000000005,466.0,0,YUL
M0028671,Engaged Points Buyers,Silver,0.7025,Medium,9.0,767200.0,4.0,3497.71,71.0,0,YYC
M0012657,Engaged Points Buyers,Gold,0.7022,Medium,4.0,531900.0,3.0,3096.72,221.0,0,YYZ
M0037672,Engaged Points Buyers,Silver,0.7015,Medium,13.0,429400.0,4.0,4805.51,169.0,0,YOW
M0011390,Engaged Points Buyers,Base,0.7001,Medium,6.0,466200.0,4.0,2474.85,48.0,0,YVR
M0033133,Engaged Points Buyers,Gold,0.6996,Medium,21.0,654500.0,4.0,3629.03,140.0,0,YUL
M0003197,Engaged Points Buyers,Base,0.698,Medium,9.0,668300.0,4.0,5211.42,50.0,0,YVR
M0034614,Engaged Points Buyers,Base,0.6969,Medium,8.0,522300.0,3.0,1999.53,246.0,0,YUL
M0009290,Engaged Points Buyers,Base,0.6961,Medium,1.0,161700.0,3.0,1539.1100000000001,21.0,0,YYZ
M0004346,Engaged Points Buyers,Gold,0.696,Medium,10.0,383100.0,4.0,3573.2599999999998,199.0,0,YHZ
M0015417,Engaged Points Buyers,Platinum,0.6957,Medium,5.0,508300.0,3.0,1784.78,83.0,0,YVR
M0016560,Engaged Points Buyers,Gold,0.6953,Medium,7.0,623000.0,4.0,4258.05,323.0,0,YYZ
M0019534,Engaged Points Buyers,Silver,0.6948,Medium,8.0,633000.0,4.0,6455.33,313.0,0,YHZ
M0000944,Engaged Points Buyers,Silver,0.6937,Medium,12.0,486700.0,4.0,3581.41,351.0,0,YVR
M0014024,Engaged Points Buyers,Base,0.6933,Medium,8.0,396300.0,3.0,3152.76,111.0,0,YHZ
M0003126,Engaged Points Buyers,Gold,0.693,Medium,3.0,499800.0,3.0,3053.91,242.0,0,YHZ
M0025055,Engaged Points Buyers,Platinum,0.693,Medium,8.0,358000.0,3.0,2423.6,459.0,0,YEG
M0010949,Engaged Points Buyers,Platinum,0.6928,Medium,12.0,671600.0,3.0,3246.54,325.0,0,YYC
M0017229,Engaged Points Buyers,Gold,0.6927,Medium,3.0,79600.0,4.0,2608.69,31.0,43306,YYZ
M0028871,Engaged Points Buyers,Silver,0.6923,Medium,4.0,413800.0,3.0,7084.04,152.0,0,YYZ
M0029104,Engaged Points Buyers,Base,0.6918,Medium,1.0,16700.0,5.0,4037.73,171.0,218059,YYC
M0000526,Engaged Points Buyers,Silver,0.6906,Medium,11.0,550000.0,3.0,2260.54,309.0,0,YVR
M0019467,Engaged Points Buyers,Silver,0.6904,Medium,9.0,624000.0,2.0,2275.69,548.0,0,YVR
M0016869,Engaged Points Buyers,Base,0.6903,Medium,10.0,231400.0,3.0,2102.05,477.0,0,YEG
M0017209,Engaged Points Buyers,Gold,0.69,Medium,3.0,337100.0,4.0,1841.53,17.0,0,YVR
M0029997,Engaged Points Buyers,Silver,0.6879,Medium,25.0,1488600.0,3.0,3373.28,58.0,0,YVR
M0013144,Engaged Points Buyers,Base,0.6876,Medium,14.0,480800.0,4.0,3342.05,116.0,0,YEG
M0019231,Engaged Points Buyers,Gold,0.6876,Medium,4.0,102000.0,3.0,4727.54,365.0,257169,YYZ
M0005011,Engaged Points Buyers,Gold,0.6873,Medium,10.0,309000.0,3.0,2395.25,281.0,0,YEG
M0036177,Engaged Points Buyers,Platinum,0.6872,Medium,16.0,752000.0,4.0,3832.48,134.0,0,YEG
M0016156,Engaged Points Buyers,Base,0.6867,Medium,5.0,268800.0,4.0,3012.13,175.0,0,YYC
M0006681,Engaged Points Buyers,Gold,0.6865,Medium,18.0,832500.0,3.0,3722.46,142.0,0,YHZ
M0002188,Engaged Points Buyers,Silver,0.6863,Medium,6.0,388100.0,3.0,4462.72,49.0,0,YUL
M0014201,Engaged Points Buyers,Gold,0.6856,Medium,10.0,220500.0,4.0,1793.98,306.0,61608,YOW
M0002122,Engaged Points Buyers,Base,0.6847,Medium,16.0,800100.0,3.0,2228.61,410.0,0,YYZ
M0007964,Engaged Points Buyers,Gold,0.6844,Medium,23.0,1264800.0,3.0,1848.13,201.0,0,YYZ
M0016906,Engaged Points Buyers,Gold,0.6841,Medium,6.0,219400.0,5.0,6157.47,170.0,34836,YYZ
M0026501,Engaged Points Buyers,Platinum,0.6836,Medium,2.0,108600.0,3.0,3146.29,237.0,48005,YYC
M0011844,Engaged Points Buyers,Base,0.6834,Medium,4.0,596500.0,3.0,3796.6400000000003,24.0,0,YUL
M0019795,Engaged Points Buyers,Platinum,0.6825,Medium,5.0,160600.0,3.0,6558.48,105.0,182721,YUL
M0001810,Engaged Points Buyers,Gold,0.6822,Medium,18.0,898700.0,3.0,4460.91,100.0,0,YYZ
M0019636,Engaged Points Buyers,Silver,0.682,Medium,13.0,1413300.0,2.0,1810.44,357.0,0,YOW
M0030382,Engaged Points Buyers,Base,0.6818,Medium,4.0,99000.0,4.0,2789.28,11.0,57854,YEG
M0037355,Engaged Points Buyers,Silver,0.6817,Medium,9.0,195400.0,4.0,4886.57,214.0,21231,YYZ
M0016762,Engaged Points Buyers,Gold,0.6806,Medium,7.0,298400.0,4.0,4377.42,115.0,0,YYZ
M0010596,Engaged Points Buyers,Base,0.6801,Medium,7.0,200300.0,5.0,6999.31,90.0,225467,YWG
M0031405,Engaged Points Buyers,Base,0.679,Medium,9.0,839400.0,2.0,2030.27,191.0,0,YYC
M0039594,Engaged Points Buyers,Silver,0.6788,Medium,5.0,287200.0,4.0,3905.62,65.0,0,YYZ
M0013538,Engaged Points Buyers,Gold,0.6786,Medium,56.0,252000.0,5.0,1699.24,103.0,355367,YUL
M0003191,Engaged Points Buyers,Silver,0.6783,Medium,10.0,659000.0,3.0,661.6800000000001,65.0,0,YYZ
M0023905,Engaged Points Buyers,Base,0.6781,Medium,5.0,366700.0,3.0,1398.43,73.0,0,YYZ
M0013277,Engaged Points Buyers,Silver,0.6781,Medium,14.0,475100.0,3.0,2182.43,43.0,0,YYZ
M0007789,Engaged Points Buyers,Base,0.6767,Medium,6.0,132300.0,4.0,1127.73,264.0,0,YYC
M0007294,Engaged Points Buyers,Base,0.6767,Medium,12.0,827800.0,3.0,8263.48,97.0,0,YVR
M0011953,Engaged Points Buyers,Base,0.6765,Medium,10.0,249200.0,4.0,3712.6,216.0,0,YOW
M0033488,Engaged Points Buyers,Silver,0.6761,Medium,13.0,654500.0,4.0,2377.61,310.0,0,YUL
M0029135,Engaged Points Buyers,Silver,0.6759,Medium,11.0,604500.0,3.0,1606.82,221.0,0,YYZ
M0023139,Engaged Points Buyers,Platinum,0.6758,Medium,7.0,236500.0,4.0,3871.17,163.0,0,YYZ
M0017458,Engaged Points Buyers,Silver,0.6756,Medium,9.0,424100.0,3.0,1607.29,570.0,0,YVR
M0008455,Engaged Points Buyers,Base,0.6747,Medium,4.0,69500.0,4.0,3513.3199999999997,159.0,107238,YYZ
M0034646,Engaged Points Buyers,Base,0.6733,Medium,42.0,2254400.0,3.0,1926.72,273.0,0,YYZ
M0039674,Engaged Points Buyers,Base,0.6732,Medium,8.0,524500.0,3.0,1594.44,444.0,0,YYZ
M0032573,Engaged Points Buyers,Gold,0.6718,Medium,12.0,245800.0,4.0,5404.42,6.0,33348,YOW
M0020743,Engaged Points Buyers,Gold,0.6715,Medium,10.0,595700.0,3.0,1340.52,24.0,0,YYZ
M0027825,Engaged Points Buyers,Silver,0.6711,Medium,7.0,818100.0,2.0,1159.76,76.0,0,YYZ
M0039167,Engaged Points Buyers,Base,0.6708,Medium,6.0,159500.0,4.0,3174.27,53.0,0,YUL
M0010725,Engaged Points Buyers,Silver,0.6693,Medium,15.0,921800.0,3.0,1895.1999999999998,285.0,0,YYC
M0022122,Engaged Points Buyers,Base,0.6682,Medium,12.0,112800.0,4.0,3024.95,11.0,94205,YWG
M0022919,Engaged Points Buyers,Elite,0.668,Medium,13.0,760300.0,3.0,2804.3,83.0,0,YVR
M0018350,Engaged Points Buyers,Silver,0.6675,Medium,16.0,971200.0,3.0,1802.88,74.0,0,YUL
M0011348,Engaged Points Buyers,Silver,0.6667,Medium,10.0,1188100.0,2.0,1504.6,646.0,0,YOW
M0010475,Engaged Points Buyers,Base,0.6664,Medium,16.0,831400.0,3.0,3590.62,214.0,0,YYZ
M0020142,Engaged Points Buyers,Gold,0.6661,Medium,5.0,83200.0,4.0,4303.23,78.0,101171,YVR
M0009395,Engaged Points Buyers,Silver,0.6655,Medium,24.0,1501400.0,3.0,2368.8599999999997,88.0,0,YOW
M0007231,Engaged Points Buyers,Gold,0.6637,Medium,5.0,398600.0,3.0,4101.32,111.0,0,YYZ
M0024116,Engaged Points Buyers,Base,0.6629,Medium,9.0,169100.0,4.0,5447.34,75.0,114876,YYZ
M0010852,Engaged Points Buyers,Gold,0.6624,Medium,4.0,507200.0,3.0,2378.43,149.0,0,YUL
M0025573,Engaged Points Buyers,Platinum,0.6614,Medium,9.0,333000.0,4.0,2239.44,13.0,0,YHZ
M0015394,Engaged Points Buyers,Gold,0.6612,Medium,8.0,970500.0,2.0,2144.6,644.0,0,YOW
M0013348,Engaged Points Buyers,Base,0.6605,Medium,2.0,105900.0,4.0,1310.44,382.0,0,YWG
M0021401,Engaged Points Buyers,Elite,0.6601,Medium,2.0,0.0,6.0,3191.62,182.0,335236,YVR
M0038293,Engaged Points Buyers,Silver,0.6596,Medium,7.0,324400.0,3.0,2203.49,163.0,0,YYZ
M0036587,Engaged Points Buyers,Silver,0.6591,Medium,13.0,940400.0,3.0,3682.7200000000003,238.0,0,YYC
M0033332,Engaged Points Buyers,Silver,0.6591,Medium,10.0,437800.0,4.0,2467.03,247.0,0,YYZ
M0019413,Engaged Points Buyers,Platinum,0.659,Medium,4.0,192200.0,3.0,4674.82,54.0,0,YWG
M0027593,Engaged Points Buyers,Gold,0.6587,Medium,1.0,104500.0,3.0,3249.7799999999997,415.0,47716,YVR
M0003515,Engaged Points Buyers,Silver,0.6576,Medium,4.0,92200.0,5.0,6713.99,5.0,277303,YYZ
M0037161,Engaged Points Buyers,Gold,0.6548,Medium,6.0,186900.0,5.0,8954.23,8.0,265689,YVR
M0026599,Engaged Points Buyers,Platinum,0.6545,Medium,7.0,632200.0,3.0,3244.21,0.0,0,YUL
M0025643,Engaged Points Buyers,Silver,0.6535,Medium,7.0,217600.0,4.0,2941.32,52.0,0,YYC
M0003449,Engaged Points Buyers,Silver,0.6518,Medium,5.0,75500.0,4.0,2465.66,80.0,57453,YVR
M0011490,Engaged Points Buyers,Silver,0.6517,Medium,1.0,0.0,7.0,4870.3099999999995,37.0,354677,YYC
M0011225,Engaged Points Buyers,Base,0.6506,Medium,9.0,597500.0,3.0,1617.4299999999998,218.0,0,YVR
M0019665,Engaged Points Buyers,Base,0.6502,Medium,3.0,0.0,5.0,3964.7299999999996,181.0,194120,YVR
M0018426,Engaged Points Buyers,Silver,0.6488,Medium,20.0,720700.0,3.0,3460.21,220.0,0,YWG
M0009583,Engaged Points Buyers,Base,0.6481,Medium,4.0,122900.0,3.0,2165.48,165.0,16037,YYZ
M0039371,Engaged Points Buyers,Silver,0.6471,Medium,5.0,244800.0,3.0,2725.94,247.0,0,YYZ
M0019033,Engaged Points Buyers,Gold,0.6458,Medium,10.0,138600.0,4.0,7823.68,535.0,151952,YYZ
M0018262,Engaged Points Buyers,Platinum,0.6452,Medium,18.0,1422200.0,2.0,2336.83,486.0,0,YHZ
M0008933,Engaged Points Buyers,Silver,0.6448,Medium,4.0,121900.0,4.0,3419.49,137.0,5900,YYZ
M0023532,Engaged Points Buyers,Silver,0.644,Medium,19.0,1014200.0,3.0,2524.8,231.0,0,YEG
M0002655,Engaged Points Buyers,Base,0.6439,Medium,3.0,97100.0,5.0,3054.94,36.0,48532,YEG
M0036920,Engaged Points Buyers,Base,0.643,Medium,9.0,302500.0,3.0,2569.33,123.0,0,YYZ
M0024641,Engaged Points Buyers,Silver,0.6396,Medium,4.0,366300.0,3.0,1979.75,237.0,0,YYC
M0010290,Engaged Points Buyers,Base,0.6394,Medium,17.0,1224700.0,3.0,2692.6099999999997,36.0,0,YEG
M0026201,Engaged Points Buyers,Silver,0.6383,Medium,9.0,237100.0,4.0,4267.91,18.0,19160,YUL
M0035730,Engaged Points Buyers,Platinum,0.6381,Medium,8.0,1322800.0,2.0,1011.69,368.0,0,YYZ
M0009412,Engaged Points Buyers,Gold,0.6379,Medium,12.0,408000.0,3.0,1051.1,359.0,0,YWG
M0039882,Engaged Points Buyers,Base,0.6378,Medium,8.0,330200.0,3.0,1072.27,176.0,0,YHZ
M0006785,Engaged Points Buyers,Silver,0.6369,Medium,7.0,348100.0,3.0,4559.74,83.0,0,YEG
M0035675,Engaged Points Buyers,Elite,0.6368,Medium,16.0,1204900.0,2.0,899.5,386.0,0,YEG
M0020599,Engaged Points Buyers,Base,0.6367,Medium,14.0,885300.0,2.0,1352.5,579.0,0,YYC
M0013462,Engaged Points Buyers,Platinum,0.6367,Medium,8.0,951000.0,2.0,1824.96,217.0,0,YYC
M0014381,Engaged Points Buyers,Base,0.6365,Medium,6.0,296400.0,3.0,2543.23,172.0,0,YUL
M0038397,Engaged Points Buyers,Gold,0.6364,Medium,9.0,129600.0,4.0,5528.04,140.0,161863,YUL
M0031755,Engaged Points Buyers,Base,0.6361,Medium,6.0,660800.0,3.0,3016.8900000000003,76.0,0,YVR
M0010554,Engaged Points Buyers,Silver,0.6354,Medium,6.0,291300.0,3.0,2355.29,52.0,0,YYZ
M0001263,Engaged Points Buyers,Silver,0.6333,Medium,8.0,118300.0,4.0,5980.12,151.0,177515,YVR
M0011980,Engaged Points Buyers,Silver,0.6332,Medium,2.0,82000.0,4.0,3012.96,82.0,90228,YYZ
M0014780,Engaged Points Buyers,Base,0.6323,Medium,6.0,128200.0,4.0,3184.15,280.0,106396,YYC
M0012566,Engaged Points Buyers,Gold,0.632,Medium,5.0,591300.0,3.0,2017.15,115.0,0,YUL
M0016616,Engaged Points Buyers,Silver,0.6309,Medium,24.0,1150900.0,3.0,1322.21,63.0,0,YYZ
M0026338,Engaged Points Buyers,Silver,0.6303,Medium,9.0,370500.0,3.0,1936.88,176.0,0,YOW
M0024602,Engaged Points Buyers,Platinum,0.6287,Medium,14.0,503200.0,3.0,4336.83,67.0,0,YHZ
M0018539,Engaged Points Buyers,Silver,0.628,Medium,22.0,1014700.0,3.0,2058.8900000000003,21.0,0,YEG
M0016851,Engaged Points Buyers,Silver,0.6269,Medium,1.0,0.0,6.0,4965.14,82.0,241250,YOW
M0009386,Engaged Points Buyers,Silver,0.6266,Medium,5.0,41200.0,5.0,1343.72,44.0,64734,YUL
M0017818,Engaged Points Buyers,Silver,0.6255,Medium,7.0,589300.0,2.0,4815.48,583.0,0,YVR
M0006149,Engaged Points Buyers,Gold,0.6254,Medium,7.0,386400.0,2.0,1699.31,457.0,0,YYZ
M0003170,Engaged Points Buyers,Silver,0.6239,Medium,34.0,1634100.0,3.0,2604.05,237.0,0,YYZ
M0006361,Engaged Points Buyers,Silver,0.6225,Medium,5.0,87600.0,3.0,1768.45,196.0,36172,YEG
M0025683,Engaged Points Buyers,Gold,0.6218,Medium,13.0,1227800.0,2.0,1798.07,378.0,0,YUL
M0035491,Engaged Points Buyers,Platinum,0.6211,Medium,11.0,109900.0,4.0,3166.0299999999997,111.0,192428,YUL
M0035680,Engaged Points Buyers,Silver,0.6194,Medium,19.0,1282200.0,2.0,881.37,318.0,0,YUL
M0026466,Engaged Points Buyers,Base,0.6193,Medium,1.0,105400.0,3.0,3771.18,27.0,41747,YYZ
M0022253,Engaged Points Buyers,Platinum,0.6191,Medium,20.0,801600.0,3.0,2275.06,12.0,0,YYC
M0016128,Engaged Points Buyers,Base,0.619,Medium,13.0,910500.0,2.0,1965.17,571.0,0,YYZ
M0023132,Engaged Points Buyers,Base,0.6178,Medium,5.0,236500.0,3.0,2650.27,335.0,0,YHZ
M0026195,Engaged Points Buyers,Gold,0.6169,Medium,1.0,403900.0,2.0,826.31,314.0,0,YYZ
M0017292,Engaged Points Buyers,Base,0.6164,Medium,37.0,2101800.0,2.0,1515.7800000000002,137.0,0,YOW
M0016905,Engaged Points Buyers,Silver,0.6162,Medium,3.0,126400.0,3.0,3092.26,411.0,24433,YVR
M0011057,Engaged Points Buyers,Base,0.616,Medium,7.0,524000.0,2.0,2422.37,228.0,0,YUL
M0034865,Engaged Points Buyers,Gold,0.615,Medium,8.0,213900.0,3.0,1941.52,144.0,0,YUL
M0036208,Engaged Points Buyers,Silver,0.6149,Medium,8.0,948500.0,3.0,3175.1099999999997,45.0,0,YHZ
M0003782,Engaged Points Buyers,Gold,0.6148,Medium,6.0,190500.0,3.0,4470.96,3.0,85634,YHZ
M0018123,Engaged Points Buyers,Silver,0.6135,Medium,5.0,338900.0,3.0,1493.48,32.0,0,YEG
M0032001,Engaged Points Buyers,Gold,0.6133,Medium,20.0,1335500.0,2.0,1432.83,519.0,0,YWG
M0036180,Engaged Points Buyers,Base,0.6132,Medium,2.0,0.0,8.0,7646.9,83.0,330522,YYZ
M0036001,Engaged Points Buyers,Silver,0.6125,Medium,5.0,78700.0,3.0,2879.56,158.0,42144,YYZ
M0005078,Engaged Points Buyers,Silver,0.6118,Medium,8.0,56800.0,4.0,3135.2999999999997,57.0,120439,YYZ
M0021622,Engaged Points Buyers,Silver,0.6106,Medium,14.0,1219300.0,2.0,725.8499999999999,288.0,0,YYZ
M0018836,Engaged Points Buyers,Base,0.6101,Medium,3.0,156700.0,3.0,2217.56,135.0,0,YVR
M0022831,Engaged Points Buyers,Gold,0.61,Medium,12.0,732900.0,3.0,5700.78,22.0,0,YVR
M0026288,Engaged Points Buyers,Gold,0.6087,Medium,3.0,187700.0,2.0,1331.28,218.0,0,YYC
M0006367,Engaged Points Buyers,Gold,0.608,Medium,10.0,717900.0,2.0,1381.28,528.0,0,YYZ
M0033298,Engaged Points Buyers,Elite,0.6073,Medium,6.0,431800.0,2.0,3024.66,158.0,0,YVR
M0025410,Engaged Points Buyers,Base,0.607,Medium,7.0,329900.0,2.0,1651.5500000000002,176.0,0,YUL
M0012383,Engaged Points Buyers,Base,0.607,Medium,10.0,368600.0,2.0,2056.6,712.0,0,YYC
M0003128,Engaged Points Buyers,Silver,0.6065,Medium,3.0,147700.0,3.0,2598.39,35.0,0,YWG
M0011162,Engaged Points Buyers,Silver,0.6057,Medium,2.0,0.0,4.0,6952.09,153.0,324689,YYC
M0024286,Engaged Points Buyers,Gold,0.6048,Medium,5.0,606700.0,2.0,2764.3199999999997,490.0,0,YYZ
M0002475,Engaged Points Buyers,Silver,0.6029,Medium,11.0,428300.0,3.0,3373.19,27.0,0,YUL
M0016367,Engaged Points Buyers,Gold,0.6026,Medium,5.0,153500.0,3.0,3461.1400000000003,89.0,0,YOW
M0019586,Engaged Points Buyers,Silver,0.6019,Medium,5.0,564900.0,2.0,2548.75,76.0,0,YEG
M0022581,Engaged Points Buyers,Base,0.6019,Medium,3.0,208400.0,2.0,1632.1399999999999,42.0,0,YEG
M0012870,Engaged Points Buyers,Base,0.6018,Medium,4.0,123900.0,3.0,1345.54,157.0,0,YWG
M0022825,Engaged Points Buyers,Silver,0.6011,Medium,4.0,65400.0,4.0,5702.3,108.0,324774,YYZ
M0017135,Engaged Points Buyers,Base,0.6007,Medium,10.0,143500.0,4.0,712.1700000000001,64.0,0,YYZ
M0024437,Engaged Points Buyers,Silver,0.6001,Medium,29.0,1063100.0,3.0,1333.79,445.0,0,YYZ
M0026128,Engaged Points Buyers,Silver,0.5989,Medium,10.0,898100.0,2.0,1292.57,346.0,0,YVR
M0009887,Engaged Points Buyers,Base,0.5988,Medium,1.0,0.0,4.0,3874.1400000000003,40.0,245748,YYZ
M0032856,Engaged Points Buyers,Gold,0.5986,Medium,9.0,372000.0,3.0,2269.16,64.0,0,YVR
M0016874,Engaged Points Buyers,Gold,0.5984,Medium,3.0,104300.0,4.0,5367.93,26.0,109384,YYZ
M0002752,Engaged Points Buyers,Gold,0.5983,Medium,13.0,381700.0,3.0,3393.2200000000003,0.0,0,YYC
M0026667,Engaged Points Buyers,Silver,0.5982,Medium,7.0,619900.0,2.0,714.94,418.0,0,YUL
M0036545,Engaged Points Buyers,Gold,0.5978,Medium,1.0,0.0,5.0,3747.6499999999996,143.0,192502,YEG
M0018524,Engaged Points Buyers,Silver,0.5976,Medium,7.0,239500.0,3.0,2504.8199999999997,91.0,0,YEG
M0029960,Engaged Points Buyers,Elite,0.5974,Medium,66.0,566000.0,4.0,2101.8900000000003,53.0,217384,YYZ
M0016024,Engaged Points Buyers,Base,0.5973,Medium,3.0,20800.0,3.0,5673.08,404.0,229966,YYZ
M0025138,Engaged Points Buyers,Gold,0.5965,Medium,7.0,773000.0,2.0,1168.42,54.0,0,YYZ
M0020797,Engaged Points Buyers,Elite,0.5962,Medium,10.0,283300.0,3.0,4551.2300000000005,100.0,0,YYZ
M0035354,Engaged Points Buyers,Silver,0.5959,Medium,10.0,550100.0,3.0,2086.19,510.0,0,YOW
M0015904,Engaged Points Buyers,Base,0.5957,Medium,6.0,390100.0,2.0,3875.61,211.0,0,YYZ
M0037798,Engaged Points Buyers,Silver,0.5951,Medium,2.0,41600.0,4.0,2124.84,15.0,82144,YYZ
M0036751,Engaged Points Buyers,Base,0.5935,Medium,1.0,0.0,5.0,4689.320000000001,224.0,187260,YYC
M0017974,Engaged Points Buyers,Base,0.5932,Medium,9.0,61900.0,4.0,1180.5,377.0,38967,YYC
M0036217,Engaged Points Buyers,Gold,0.5932,Medium,9.0,633400.0,3.0,2123.15,44.0,0,YOW
M0023056,Engaged Points Buyers,Platinum,0.5928,Medium,3.0,45200.0,3.0,1573.43,443.0,86521,YVR
M0005115,Engaged Points Buyers,Silver,0.5927,Medium,11.0,685400.0,2.0,908.02,349.0,0,YVR
M0002935,Engaged Points Buyers,Base,0.5924,Medium,3.0,145400.0,4.0,2287.66,54.0,0,YWG
M0027345,Engaged Points Buyers,Silver,0.5922,Medium,4.0,176200.0,3.0,2358.45,355.0,0,YVR
M0006333,Engaged Points Buyers,Platinum,0.5918,Medium,11.0,732900.0,2.0,724.7,102.0,0,YUL
M0034044,Engaged Points Buyers,Base,0.5916,Medium,3.0,273200.0,3.0,4456.93,218.0,0,YWG
M0014387,Engaged Points Buyers,Gold,0.5914,Medium,4.0,81900.0,4.0,2870.84,284.0,69563,YUL
M0020965,Engaged Points Buyers,Silver,0.591,Medium,17.0,1692900.0,2.0,1300.44,61.0,0,YYC
M0028816,Engaged Points Buyers,Silver,0.5906,Medium,3.0,707800.0,2.0,2123.0699999999997,612.0,0,YVR
M0003015,Engaged Points Buyers,Silver,0.5904,Medium,7.0,837400.0,2.0,1075.49,304.0,0,YOW
M0008050,Engaged Points Buyers,Silver,0.5897,Medium,2.0,0.0,6.0,7299.2,4.0,351677,YUL
M0024310,Engaged Points Buyers,Silver,0.5896,Medium,6.0,150900.0,3.0,1196.29,161.0,0,YUL
M0000737,Engaged Points Buyers,Base,0.5895,Medium,1.0,46000.0,4.0,3415.14,0.0,104540,YWG
M0033510,Engaged Points Buyers,Silver,0.5892,Medium,5.0,197700.0,3.0,1726.07,643.0,0,YYZ
M0033879,Engaged Points Buyers,Silver,0.589,Medium,6.0,19500.0,5.0,6202.9800000000005,68.0,225141,YWG
M0030632,Engaged Points Buyers,Base,0.5889,Medium,5.0,682200.0,3.0,3151.79,159.0,0,YVR
M0026008,Engaged Points Buyers,Gold,0.5886,Medium,2.0,0.0,6.0,6493.18,60.0,303568,YYZ
M0024565,Engaged Points Buyers,Gold,0.5882,Medium,9.0,568600.0,2.0,1425.46,465.0,0,YYZ
M0031270,Engaged Points Buyers,Base,0.5871,Medium,7.0,100900.0,3.0,4253.68,626.0,145711,YWG
M0014136,Engaged Points Buyers,Silver,0.5862,Medium,5.0,133100.0,4.0,3437.6099999999997,151.0,88434,YEG
M0031227,Engaged Points Buyers,Silver,0.586,Medium,7.0,309000.0,3.0,4373.21,340.0,0,YEG
M0000025,Engaged Points Buyers,Gold,0.5842,Medium,4.0,95100.0,3.0,3799.9399999999996,141.0,83321,YVR
M0033452,Engaged Points Buyers,Gold,0.5834,Medium,11.0,425300.0,2.0,2125.64,595.0,0,YUL
M0039444,Engaged Points Buyers,Platinum,0.5829,Medium,9.0,378500.0,3.0,5308.91,51.0,0,YHZ
M0003779,Engaged Points Buyers,Silver,0.5824,Medium,2.0,33700.0,4.0,2670.77,279.0,176456,YWG
M0000514,Engaged Points Buyers,Gold,0.5813,Medium,45.0,3184000.0,2.0,1394.05,210.0,0,YYZ
M0032388,Engaged Points Buyers,Silver,0.5806,Medium,9.0,509000.0,3.0,1900.67,149.0,0,YUL
M0026091,Engaged Points Buyers,Gold,0.58,Medium,14.0,317900.0,3.0,3238.03,173.0,0,YEG
M0033508,Engaged Points Buyers,Platinum,0.5798,Medium,3.0,546900.0,2.0,764.1199999999999,2.0,0,YHZ
M0006979,Engaged Points Buyers,Silver,0.5796,Medium,11.0,1137500.0,2.0,1208.96,105.0,0,YEG
M0014189,Engaged Points Buyers,Gold,0.5792,Medium,15.0,1034700.0,2.0,4691.45,396.0,0,YYZ
M0025109,Engaged Points Buyers,Silver,0.5787,Medium,10.0,421000.0,3.0,1912.04,495.0,0,YUL
M0031950,Engaged Points Buyers,Gold,0.578,Medium,10.0,729000.0,2.0,3151.8700000000003,97.0,0,YVR
M0039162,Engaged Points Buyers,Base,0.5774,Medium,5.0,79500.0,4.0,618.73,97.0,0,YOW
M0022593,Engaged Points Buyers,Silver,0.5773,Medium,9.0,382800.0,3.0,2308.39,20.0,0,YHZ
M0030115,Engaged Points Buyers,Base,0.576,Medium,6.0,222200.0,2.0,1660.4699999999998,289.0,0,YYZ
M0034601,Engaged Points Buyers,Gold,0.576,Medium,10.0,1088200.0,2.0,891.48,110.0,0,YYZ
M0030663,Engaged Points Buyers,Gold,0.5748,Medium,3.0,50500.0,3.0,2472.81,154.0,61536,YYZ
M0006395,Engaged Points Buyers,Silver,0.5741,Medium,13.0,243900.0,3.0,2106.73,73.0,0,YVR
M0002361,Engaged Points Buyers,Gold,0.574,Medium,3.0,0.0,5.0,7333.25,110.0,304923,YYC
M0029680,Engaged Points Buyers,Base,0.5739,Medium,2.0,131200.0,3.0,1934.04,71.0,0,YUL
M0035200,Engaged Points Buyers,Gold,0.5736,Medium,11.0,740300.0,2.0,1508.3600000000001,47.0,0,YYZ
M0013247,Engaged Points Buyers,Platinum,0.5731,Medium,3.0,138400.0,3.0,3314.71,233.0,3989,YVR
M0017313,Engaged Points Buyers,Platinum,0.5731,Medium,17.0,957700.0,2.0,2246.2000000000003,533.0,0,YYZ
M0032023,Engaged Points Buyers,Gold,0.5727,Medium,4.0,177100.0,3.0,1399.06,322.0,0,YEG
M0015598,Engaged Points Buyers,Base,0.5727,Medium,15.0,832900.0,2.0,1534.15,296.0,0,YYZ
M0008378,Engaged Points Buyers,Silver,0.5717,Medium,4.0,193300.0,2.0,2712.6800000000003,678.0,0,YUL
M0029859,Engaged Points Buyers,Base,0.571,Medium,10.0,735300.0,2.0,1395.85,413.0,0,YEG
M0016559,Engaged Points Buyers,Silver,0.5699,Medium,1.0,0.0,5.0,4556.860000000001,41.0,308624,YUL
M0024655,Engaged Points Buyers,Platinum,0.5689,Medium,7.0,417700.0,2.0,2103.89,356.0,0,YEG
M0023538,Engaged Points Buyers,Base,0.5682,Medium,1.0,0.0,7.0,4162.33,71.0,228425,YYC
M0033203,Engaged Points Buyers,Base,0.5674,Medium,1.0,38300.0,3.0,2270.13,514.0,117702,YYZ
M0016211,Engaged Points Buyers,Silver,0.5663,Medium,4.0,293500.0,2.0,1046.02,57.0,0,YEG
M0000099,Engaged Points Buyers,Gold,0.5652,Medium,12.0,691900.0,2.0,1098.31,367.0,0,YVR
M0002201,Engaged Points Buyers,Platinum,0.5651,Medium,6.0,718200.0,2.0,1624.5800000000002,545.0,0,YOW
M0015376,Engaged Points Buyers,Silver,0.5645,Medium,26.0,1163200.0,2.0,1334.1100000000001,543.0,0,YOW
M0012948,Engaged Points Buyers,Base,0.5643,Medium,13.0,547500.0,2.0,3077.6800000000003,550.0,0,YVR
M0005048,Engaged Points Buyers,Silver,0.5639,Medium,4.0,67000.0,3.0,3963.55,91.0,128162,YYZ
M0030929,Engaged Points Buyers,Elite,0.5635,Medium,11.0,211500.0,3.0,1953.46,116.0,0,YYZ
M0015293,Engaged Points Buyers,Silver,0.5634,Medium,3.0,73900.0,2.0,1355.77,448.0,0,YYZ
M0005395,Engaged Points Buyers,Base,0.5627,Medium,4.0,31900.0,5.0,1885.83,77.0,67507,YVR
M0031439,Engaged Points Buyers,Base,0.5625,Medium,16.0,381600.0,3.0,3822.93,0.0,0,YVR
M0018382,Engaged Points Buyers,Base,0.561,Medium,18.0,1012800.0,2.0,2786.38,485.0,0,YEG
M0024835,Engaged Points Buyers,Gold,0.5609,Medium,17.0,0.0,4.0,2611.91,28.0,293776,YYZ
M0029377,Engaged Points Buyers,Silver,0.5609,Medium,1.0,0.0,5.0,4511.79,90.0,277588,YYC
M0035678,Engaged Points Buyers,Gold,0.5602,Medium,6.0,205100.0,3.0,3241.29,13.0,0,YVR
M0027859,Engaged Points Buyers,Silver,0.56,Medium,8.0,76200.0,3.0,4946.5599999999995,378.0,205588,YYZ
M0023634,Engaged Points Buyers,Silver,0.5597,Medium,4.0,150900.0,3.0,2697.86,353.0,30637,YWG
M0029921,Engaged Points Buyers,Gold,0.5591,Medium,3.0,46000.0,3.0,1891.15,57.0,94267,YVR
M0035744,Engaged Points Buyers,Silver,0.5591,Medium,9.0,746700.0,2.0,2457.36,199.0,0,YYC
M0016112,Engaged Points Buyers,Gold,0.5571,Medium,6.0,135900.0,3.0,4136.93,149.0,87748,YOW
M0013331,Engaged Points Buyers,Gold,0.5568,Medium,6.0,108500.0,3.0,1944.22,199.0,0,YOW
M0022234,Engaged Points Buyers,Gold,0.5566,Medium,16.0,247800.0,3.0,1661.4099999999999,380.0,0,YVR
M0002163,Engaged Points Buyers,Silver,0.5557,Medium,12.0,398600.0,2.0,1576.1599999999999,441.0,0,YYZ
M0023437,Engaged Points Buyers,Silver,0.5557,Medium,17.0,1292400.0,2.0,1574.3500000000001,285.0,0,YYZ
M0016825,Engaged Points Buyers,Silver,0.5555,Medium,8.0,604200.0,2.0,2751.43,92.0,0,YYZ
M0003795,Engaged Points Buyers,Platinum,0.555,Medium,1.0,0.0,3.0,3764.79,282.0,205229,YUL
M0027853,Engaged Points Buyers,Silver,0.5544,Medium,1.0,0.0,5.0,3693.0099999999998,101.0,179207,YYZ
M0034842,Engaged Points Buyers,Gold,0.5537,Medium,7.0,478200.0,2.0,1610.06,481.0,0,YWG
M0023489,Engaged Points Buyers,Silver,0.5536,Medium,13.0,1447000.0,2.0,1317.5700000000002,268.0,0,YYZ
M0033551,Engaged Points Buyers,Silver,0.5515,Medium,5.0,195800.0,2.0,830.55,27.0,0,YUL
M0033033,Engaged Points Buyers,Platinum,0.5508,Medium,3.0,0.0,5.0,5585.22,12.0,293217,YVR
M0023233,Engaged Points Buyers,Silver,0.5505,Medium,10.0,67200.0,4.0,1135.91,101.0,28261,YYZ
M0024159,Engaged Points Buyers,Elite,0.55,Medium,13.0,1205800.0,2.0,1779.27,5.0,0,YYZ
M0018553,Engaged Points Buyers,Base,0.5499,Medium,35.0,2028600.0,2.0,1834.26,91.0,0,YYZ
M0008326,Engaged Points Buyers,Base,0.549,Medium,13.0,161200.0,4.0,1507.58,240.0,0,YWG
M0033487,Engaged Points Buyers,Gold,0.5485,Medium,1.0,0.0,5.0,5629.07,81.0,288781,YVR
M0024542,Engaged Points Buyers,Base,0.5482,Medium,2.0,215100.0,2.0,1621.1100000000001,226.0,0,YUL
M0032312,Engaged Points Buyers,Silver,0.5479,Medium,4.0,120100.0,3.0,1291.49,391.0,0,YYC
M0028672,Engaged Points Buyers,Silver,0.547,Medium,3.0,141000.0,2.0,1113.46,115.0,0,YEG
M0010432,Engaged Points Buyers,Gold,0.5461,Medium,15.0,789400.0,2.0,3846.47,206.0,0,YYZ
M0030845,Engaged Points Buyers,Base,0.5446,Medium,5.0,174900.0,3.0,4267.57,44.0,25305,YYZ
M0027496,Engaged Points Buyers,Silver,0.5441,Medium,9.0,378600.0,2.0,2426.23,199.0,0,YUL
M0010412,Engaged Points Buyers,Platinum,0.5411,Medium,6.0,139500.0,3.0,1349.01,45.0,0,YEG
M0025287,Engaged Points Buyers,Silver,0.5403,Medium,8.0,379000.0,3.0,4784.54,101.0,0,YYZ
M0004898,Engaged Points Buyers,Platinum,0.5393,Medium,30.0,1894700.0,2.0,1573.3200000000002,118.0,0,YWG
M0029688,Engaged Points Buyers,Gold,0.5387,Medium,25.0,1866700.0,2.0,1490.8500000000001,316.0,0,YVR
M0029128,Engaged Points Buyers,Silver,0.5383,Medium,11.0,761500.0,2.0,1189.51,164.0,0,YYZ
M0013191,Engaged Points Buyers,Gold,0.5376,Medium,6.0,341800.0,2.0,2005.69,76.0,0,YYZ
M0017766,Engaged Points Buyers,Base,0.5373,Medium,8.0,285600.0,2.0,1229.58,233.0,0,YYZ
M0034985,Engaged Points Buyers,Platinum,0.5365,Medium,10.0,129900.0,3.0,1544.53,490.0,0,YYC
M0012902,Engaged Points Buyers,Gold,0.5363,Medium,3.0,92300.0,2.0,2474.39,516.0,22893,YYZ
M0036084,Engaged Points Buyers,Platinum,0.536,Medium,18.0,713900.0,2.0,2070.63,209.0,0,YEG
M0010872,Engaged Points Buyers,Platinum,0.5358,Medium,3.0,170900.0,2.0,3132.3199999999997,104.0,0,YVR
M0036957,Engaged Points Buyers,Elite,0.5357,Medium,6.0,197300.0,2.0,3842.88,370.0,0,YVR
M0021533,Engaged Points Buyers,Silver,0.5354,Medium,25.0,1383900.0,2.0,1630.71,293.0,0,YYZ
M0026142,Engaged Points Buyers,Base,0.5353,Medium,23.0,1115200.0,2.0,1261.26,515.0,0,YYC
M0012606,Engaged Points Buyers,Silver,0.5339,Medium,5.0,527000.0,2.0,1812.8400000000001,177.0,0,YVR
M0038222,Engaged Points Buyers,Platinum,0.5338,Medium,28.0,1339500.0,2.0,1728.62,185.0,0,YYC
M0035933,Engaged Points Buyers,Gold,0.5318,Medium,12.0,242100.0,2.0,2225.5,461.0,0,YYC
M0000527,Engaged Points Buyers,Base,0.5308,Medium,10.0,298800.0,2.0,2963.44,62.0,0,YYZ
M0032810,Engaged Points Buyers,Base,0.5301,Medium,10.0,901600.0,2.0,547.1,91.0,0,YVR
M0035072,Engaged Points Buyers,Silver,0.53,Medium,6.0,347600.0,2.0,1499.1100000000001,154.0,0,YUL
M0001156,Engaged Points Buyers,Silver,0.53,Medium,20.0,248900.0,3.0,707.13,360.0,0,YYC
M0008359,Engaged Points Buyers,Platinum,0.5289,Medium,1.0,34900.0,3.0,3231.33,204.0,105804,YHZ
M0010792,Engaged Points Buyers,Platinum,0.5287,Medium,7.0,838200.0,2.0,1045.8,295.0,0,YWG
M0004185,Engaged Points Buyers,Gold,0.5284,Medium,1.0,158600.0,2.0,1970.06,323.0,0,YYZ
M0007943,Engaged Points Buyers,Silver,0.5272,Medium,2.0,270400.0,2.0,1300.81,123.0,0,YYZ
M0033191,Engaged Points Buyers,Silver,0.5264,Medium,7.0,155300.0,3.0,1548.02,284.0,0,YHZ
M0021232,Engaged Points Buyers,Base,0.5258,Medium,4.0,124700.0,2.0,1249.54,616.0,0,YWG
M0025528,Engaged Points Buyers,Silver,0.5237,Medium,1.0,0.0,3.0,4182.31,96.0,242497,YUL
M0004640,Engaged Points Buyers,Silver,0.5224,Medium,10.0,728700.0,2.0,1573.39,79.0,0,YYZ
M0028100,Engaged Points Buyers,Silver,0.5196,Medium,6.0,576300.0,2.0,2251.93,60.0,0,YYZ
M0004159,Engaged Points Buyers,Base,0.5195,Medium,9.0,211600.0,2.0,1888.81,348.0,0,YYZ
M0031505,Engaged Points Buyers,Base,0.519,Medium,4.0,182600.0,3.0,870.48,104.0,0,YYZ
M0010326,Engaged Points Buyers,Gold,0.5187,Medium,4.0,23500.0,4.0,2014.99,91.0,86037,YUL
M0023877,Engaged Points Buyers,Gold,0.5186,Medium,16.0,636500.0,2.0,1558.82,443.0,0,YUL
M0010904,Engaged Points Buyers,Silver,0.5185,Medium,13.0,1132800.0,2.0,1486.3400000000001,111.0,0,YUL
M0009196,Engaged Points Buyers,Base,0.5182,Medium,4.0,138600.0,2.0,368.26,548.0,0,YYZ
M0016627,Engaged Points Buyers,Gold,0.518,Medium,6.0,141000.0,3.0,1345.1200000000001,204.0,0,YYZ
M0008952,Engaged Points Buyers,Elite,0.5179,Medium,5.0,90300.0,2.0,848.25,581.0,0,YUL
M0019282,Engaged Points Buyers,Base,0.5167,Medium,5.0,177400.0,2.0,579.21,312.0,0,YUL
M0020644,Engaged Points Buyers,Elite,0.5154,Medium,10.0,463800.0,2.0,624.95,228.0,0,YEG
M0001644,Engaged Points Buyers,Platinum,0.5145,Medium,6.0,297900.0,2.0,1810.5,129.0,0,YVR
M0029645,Engaged Points Buyers,Base,0.5144,Medium,20.0,860100.0,2.0,2181.48,72.0,0,YYC
M0027645,Engaged Points Buyers,Silver,0.5142,Medium,22.0,1049100.0,2.0,1181.58,167.0,0,YYZ
M0027674,Engaged Points Buyers,Platinum,0.5135,Medium,12.0,787100.0,2.0,1994.7,551.0,0,YYC
M0024366,Engaged Points Buyers,Base,0.5132,Medium,15.0,496700.0,2.0,999.39,149.0,0,YYZ
M0019146,Engaged Points Buyers,Elite,0.5131,Medium,3.0,548100.0,1.0,1878.8,662.0,0,YWG
M0033273,Engaged Points Buyers,Base,0.5128,Medium,15.0,456300.0,2.0,2958.81,187.0,0,YEG
M0021248,Engaged Points Buyers,Platinum,0.5124,Medium,10.0,748100.0,2.0,1538.01,83.0,0,YYZ
M0022808,Engaged Points Buyers,Gold,0.5112,Medium,9.0,304500.0,2.0,1127.17,360.0,0,YUL
M0019959,Engaged Points Buyers,Elite,0.5108,Medium,1.0,28700.0,3.0,3507.8799999999997,212.0,219754,YYZ
M0006553,Engaged Points Buyers,Base,0.5107,Medium,6.0,743300.0,2.0,2789.26,245.0,0,YEG
M0016117,Engaged Points Buyers,Base,0.5103,Medium,4.0,283700.0,2.0,2201.4,22.0,0,YYZ
M0028694,Engaged Points Buyers,Gold,0.5097,Medium,3.0,363000.0,2.0,1765.26,82.0,0,YUL
M0039992,Engaged Points Buyers,Elite,0.5097,Medium,14.0,574000.0,2.0,941.83,226.0,0,YYZ
M0018001,Engaged Points Buyers,Gold,0.5083,Medium,15.0,428700.0,2.0,1287.26,292.0,0,YYZ
M0028404,Engaged Points Buyers,Base,0.5078,Medium,9.0,326700.0,2.0,958.89,322.0,0,YYZ
M0036967,Engaged Points Buyers,Base,0.5072,Medium,13.0,1292900.0,1.0,1807.42,707.0,0,YYZ
M0035636,Engaged Points Buyers,Base,0.5067,Medium,5.0,12300.0,3.0,3724.05,344.0,269832,YYZ
M0019412,Engaged Points Buyers,Silver,0.5067,Medium,74.0,1223800.0,3.0,1645.67,64.0,0,YYZ
M0012722,Engaged Points Buyers,Silver,0.5055,Medium,6.0,343400.0,2.0,2439.98,63.0,0,YUL
M0018676,Engaged Points Buyers,Silver,0.5053,Medium,25.0,530200.0,2.0,1004.71,478.0,0,YUL
M0017794,Engaged Points Buyers,Silver,0.5044,Medium,19.0,1095600.0,2.0,2191.56,173.0,0,YVR
M0032642,Engaged Points Buyers,Silver,0.504,Medium,1.0,131000.0,2.0,957.6299999999999,283.0,0,YUL
M0012702,Engaged Points Buyers,Gold,0.5037,Medium,5.0,118800.0,3.0,3752.87,50.0,81912,YYC
M0012319,Engaged Points Buyers,Platinum,0.5037,Medium,11.0,390700.0,2.0,1326.51,229.0,0,YYZ
M0006353,Engaged Points Buyers,Gold,0.5034,Medium,7.0,158300.0,2.0,2093.04,2.0,0,YYZ
M0001076,Engaged Points Buyers,Silver,0.503,Medium,9.0,12200.0,4.0,1922.46,226.0,92772,YEG
M0028411,Engaged Points Buyers,Platinum,0.5027,Medium,0.0,0.0,9.0,10830.51,36.0,506383,YYC
M0038086,Engaged Points Buyers,Gold,0.5021,Medium,4.0,47600.0,3.0,1231.9299999999998,138.0,58708,YWG
M0012790,Engaged Points Buyers,Elite,0.502,Medium,17.0,426400.0,2.0,1462.92,623.0,0,YYZ
M0035706,Engaged Points Buyers,Base,0.5013,Medium,12.0,598500.0,2.0,4652.15,9.0,0,YYZ
M0005035,Engaged Points Buyers,Base,0.5012,Medium,2.0,0.0,4.0,1693.61,58.0,142129,YVR
M0006196,Engaged Points Buyers,Base,0.5011,Medium,4.0,0.0,4.0,1480.25,338.0,79157,YOW
M0012398,Engaged Points Buyers,Gold,0.5011,Medium,2.0,53100.0,2.0,1100.58,407.0,0,YYZ
M0022706,Engaged Points Buyers,Silver,0.5011,Medium,2.0,106900.0,2.0,1874.86,185.0,0,YOW
M0004160,Engaged Points Buyers,Silver,0.4998,Medium,1.0,0.0,4.0,2837.86,259.0,160760,YVR
M0034869,Engaged Points Buyers,Base,0.4995,Medium,20.0,959600.0,2.0,1542.04,191.0,0,YWG
M0026911,Engaged Points Buyers,Silver,0.4986,Medium,8.0,575500.0,2.0,2201.39,23.0,0,YYZ
M0007135,Engaged Points Buyers,Base,0.4985,Medium,9.0,114100.0,3.0,1254.37,99.0,0,YUL
M0012126,Engaged Points Buyers,Silver,0.4968,Medium,5.0,199900.0,2.0,634.76,11.0,0,YUL
M0019702,Engaged Points Buyers,Base,0.4962,Medium,2.0,47900.0,2.0,1530.47,290.0,101680,YYZ
M0006776,Engaged Points Buyers,Base,0.4952,Medium,9.0,74700.0,3.0,3959.51,37.0,110583,YYC
M0029421,Engaged Points Buyers,Base,0.4946,Medium,8.0,298600.0,2.0,960.38,273.0,0,YYC
M0006331,Engaged Points Buyers,Platinum,0.493,Medium,3.0,475900.0,2.0,764.52,17.0,0,YYZ
M0035686,Engaged Points Buyers,Gold,0.493,Medium,75.0,530300.0,3.0,3030.43,57.0,264868,YYC
M0034424,Engaged Points Buyers,Base,0.493,Medium,4.0,88300.0,2.0,593.73,316.0,0,YHZ
M0002328,Engaged Points Buyers,Silver,0.4927,Medium,10.0,157900.0,2.0,581.58,399.0,0,YYZ
M0038065,Engaged Points Buyers,Silver,0.4919,Medium,8.0,713700.0,2.0,2019.96,183.0,0,YYZ
M0009505,Engaged Points Buyers,Base,0.4918,Medium,4.0,181600.0,2.0,5159.219999999999,167.0,5138,YVR
M0026566,Engaged Points Buyers,Silver,0.4914,Medium,3.0,137200.0,2.0,2976.95,272.0,0,YHZ
M0017407,Engaged Points Buyers,Silver,0.4907,Medium,4.0,86700.0,2.0,1732.21,29.0,36902,YUL
M0006011,Engaged Points Buyers,Silver,0.4903,Medium,1.0,34300.0,3.0,3550.19,62.0,102779,YUL
M0007084,Engaged Points Buyers,Base,0.4898,Medium,2.0,82700.0,2.0,2906.97,68.0,43759,YOW
M0028979,Engaged Points Buyers,Base,0.4896,Medium,1.0,114500.0,2.0,1061.4099999999999,213.0,0,YVR
M0017207,Engaged Points Buyers,Gold,0.4896,Medium,13.0,267500.0,2.0,894.38,429.0,0,YUL
M0016682,Engaged Points Buyers,Platinum,0.4887,Medium,6.0,393700.0,1.0,1211.74,610.0,0,YVR
M0018905,Engaged Points Buyers,Silver,0.4884,Medium,8.0,441000.0,2.0,1507.96,292.0,0,YYC
M0019823,Engaged Points Buyers,Base,0.4879,Medium,2.0,103000.0,2.0,1984.57,211.0,2308,YVR
M0033711,Engaged Points Buyers,Gold,0.486,Medium,15.0,860100.0,2.0,2184.11,293.0,0,YYZ
M0008582,Engaged Points Buyers,Gold,0.4858,Medium,14.0,269700.0,2.0,1733.04,120.0,0,YYZ
M0018897,Engaged Points Buyers,Base,0.4846,Medium,1.0,536600.0,1.0,564.07,658.0,0,YYZ
M0036252,Engaged Points Buyers,Gold,0.4835,Medium,7.0,700200.0,1.0,772.71,563.0,0,YVR
M0010886,Engaged Points Buyers,Silver,0.4826,Medium,1.0,121900.0,2.0,1315.65,78.0,0,YUL
M0001411,Engaged Points Buyers,Silver,0.4823,Medium,8.0,313600.0,2.0,2073.88,307.0,0,YOW
M0018277,Engaged Points Buyers,Silver,0.4817,Medium,16.0,248000.0,2.0,832.14,566.0,0,YYZ
M0024400,Engaged Points Buyers,Silver,0.4817,Medium,5.0,81500.0,2.0,1767.5500000000002,15.0,100232,YUL
M0004383,Engaged Points Buyers,Silver,0.4809,Medium,3.0,104600.0,2.0,2770.52,303.0,0,YYZ
M0008550,Engaged Points Buyers,Base,0.4803,Medium,4.0,452400.0,2.0,1537.61,36.0,0,YYC
M0027800,Engaged Points Buyers,Silver,0.4797,Medium,4.0,124900.0,2.0,1015.8399999999999,573.0,0,YYZ
M0002427,Engaged Points Buyers,Base,0.4794,Medium,10.0,25600.0,4.0,940.77,112.0,60407,YYC
M0015148,Engaged Points Buyers,Platinum,0.4791,Medium,6.0,367900.0,1.0,1188.04,410.0,0,YWG
M0010373,Engaged Points Buyers,Platinum,0.4771,Medium,4.0,244100.0,1.0,1344.19,638.0,0,YUL
M0004057,Engaged Points Buyers,Silver,0.4767,Medium,9.0,904500.0,1.0,1952.45,104.0,0,YYC
M0012150,Engaged Points Buyers,Base,0.4763,Medium,4.0,65200.0,2.0,1074.6799999999998,575.0,20495,YOW
M0034099,Engaged Points Buyers,Silver,0.4756,Medium,14.0,956900.0,2.0,1567.51,435.0,0,YVR
M0014121,Engaged Points Buyers,Silver,0.4749,Medium,6.0,191400.0,2.0,3301.33,107.0,0,YYZ
M0030255,Engaged Points Buyers,Elite,0.4733,Medium,1.0,50300.0,2.0,4018.27,70.0,155653,YYZ
M0030364,Engaged Points Buyers,Gold,0.4727,Medium,3.0,77500.0,2.0,1369.45,31.0,62771,YOW
M0038190,Engaged Points Buyers,Base,0.4727,Medium,11.0,234100.0,3.0,1521.0,213.0,0,YYZ
M0037372,Engaged Points Buyers,Base,0.4724,Medium,2.0,19100.0,3.0,890.1700000000001,383.0,24666,YYZ
M0019617,Engaged Points Buyers,Elite,0.4721,Medium,13.0,337800.0,2.0,1742.04,37.0,0,YVR
M0024810,Engaged Points Buyers,Base,0.47,Medium,4.0,41700.0,3.0,711.6,48.0,13457,YYC
M0029093,Engaged Points Buyers,Base,0.4696,Medium,3.0,359800.0,2.0,1191.54,112.0,0,YUL
M0012447,Engaged Points Buyers,Silver,0.4684,Medium,18.0,1588800.0,1.0,681.26,720.0,0,YOW
M0022989,Engaged Points Buyers,Silver,0.4671,Medium,2.0,168500.0,2.0,942.06,202.0,0,YYZ
M0015680,Engaged Points Buyers,Silver,0.4654,Medium,2.0,93600.0,2.0,765.91,261.0,0,YYC
M0016343,Engaged Points Buyers,Silver,0.4652,Medium,6.0,192500.0,3.0,2662.2200000000003,114.0,21343,YYZ
M0027062,Engaged Points Buyers,Base,0.4645,Medium,7.0,282200.0,2.0,1082.63,344.0,0,YVR
M0029550,Engaged Points Buyers,Gold,0.4643,Medium,12.0,776900.0,1.0,1323.46,686.0,0,YYZ
M0025784,Engaged Points Buyers,Base,0.4636,Medium,3.0,124000.0,2.0,695.1300000000001,229.0,0,YVR
M0004385,Engaged Points Buyers,Gold,0.4629,Medium,7.0,384000.0,1.0,996.07,652.0,0,YYZ
M0027747,Engaged Points Buyers,Base,0.4627,Medium,17.0,363700.0,3.0,723.59,14.0,0,YYZ
M0001067,Engaged Points Buyers,Base,0.462,Medium,6.0,120500.0,3.0,1304.27,104.0,0,YHZ
M0000809,Engaged Points Buyers,Silver,0.4619,Medium,7.0,112700.0,2.0,846.8,297.0,0,YHZ
M0000795,Engaged Points Buyers,Base,0.4617,Medium,4.0,310200.0,2.0,429.37,227.0,0,YYZ
M0003806,Engaged Points Buyers,Base,0.4609,Medium,2.0,132600.0,2.0,716.7,162.0,0,YYC
M0023460,Engaged Points Buyers,Gold,0.4606,Medium,2.0,32800.0,3.0,1912.1599999999999,122.0,47945,YVR
M0020078,Engaged Points Buyers,Silver,0.4606,Medium,2.0,0.0,3.0,3011.52,83.0,155612,YEG
M0024484,Engaged Points Buyers,Platinum,0.4606,Medium,23.0,548400.0,2.0,1913.3600000000001,10.0,0,YOW
M0009675,Engaged Points Buyers,Silver,0.4604,Medium,3.0,101500.0,2.0,1370.38,191.0,2040,YEG
M0030415,Engaged Points Buyers,Base,0.4591,Medium,12.0,0.0,4.0,2016.54,142.0,137517,YVR
M0021268,Engaged Points Buyers,Base,0.4589,Medium,10.0,0.0,4.0,1462.9299999999998,262.0,95872,YEG
M0014534,Engaged Points Buyers,Base,0.4578,Medium,3.0,15500.0,2.0,557.0699999999999,470.0,20329,YYC
M0023171,Engaged Points Buyers,Base,0.4564,Medium,3.0,163900.0,2.0,455.37,226.0,0,YYZ
M0019003,Engaged Points Buyers,Silver,0.4563,Medium,4.0,174400.0,2.0,2114.86,347.0,0,YWG
M0003038,Engaged Points Buyers,Gold,0.4554,Medium,4.0,83800.0,3.0,755.38,155.0,0,YUL
M0033710,Engaged Points Buyers,Base,0.4547,Medium,8.0,280900.0,2.0,2225.19,274.0,0,YYZ
M0003591,Engaged Points Buyers,Base,0.4541,Medium,2.0,80800.0,2.0,599.6800000000001,175.0,0,YYZ
M0017371,Engaged Points Buyers,Gold,0.4526,Medium,19.0,1400700.0,1.0,850.95,444.0,0,YUL
M0020687,Engaged Points Buyers,Silver,0.4523,Medium,9.0,368900.0,2.0,3367.3599999999997,341.0,0,YYZ
M0028939,Engaged Points Buyers,Silver,0.4523,Medium,4.0,371900.0,2.0,929.8399999999999,352.0,0,YVR
M0039181,Engaged Points Buyers,Silver,0.4522,Medium,10.0,231300.0,2.0,975.64,235.0,0,YEG
M0024672,Engaged Points Buyers,Base,0.4522,Medium,7.0,15100.0,3.0,3715.88,6.0,178501,YWG
M0022350,Engaged Points Buyers,Silver,0.449,Medium,5.0,346200.0,1.0,674.07,669.0,0,YOW
M0016819,Engaged Points Buyers,Base,0.4489,Medium,8.0,191000.0,2.0,650.4,249.0,0,YYZ
M0028565,Engaged Points Buyers,Base,0.4488,Medium,4.0,33200.0,3.0,1411.69,431.0,46439,YVR
M0005969,Engaged Points Buyers,Base,0.4469,Medium,1.0,0.0,5.0,3758.6,263.0,175017,YVR
M0015074,Engaged Points Buyers,Base,0.4456,Medium,5.0,63600.0,3.0,714.21,181.0,0,YWG
M0039152,Engaged Points Buyers,Silver,0.4451,Medium,17.0,589000.0,2.0,1265.8899999999999,25.0,0,YYC
M0027054,Engaged Points Buyers,Silver,0.4445,Medium,2.0,23100.0,2.0,1364.76,526.0,53564,YYZ
M0035896,Engaged Points Buyers,Gold,0.4438,Medium,0.0,0.0,8.0,5803.07,10.0,316615,YUL
M0029718,Engaged Points Buyers,Silver,0.4432,Medium,16.0,1359600.0,1.0,401.38,369.0,0,YUL
M0037531,Engaged Points Buyers,Gold,0.4425,Medium,12.0,499800.0,2.0,1349.27,45.0,0,YVR
M0039198,Engaged Points Buyers,Base,0.4416,Medium,10.0,56600.0,3.0,505.21,122.0,11465,YYZ
M0031300,Engaged Points Buyers,Base,0.44,Medium,7.0,151600.0,2.0,2173.23,484.0,0,YYZ
M0009232,Engaged Points Buyers,Platinum,0.4399,Medium,8.0,121100.0,3.0,2203.68,182.0,34166,YYZ
M0017415,Engaged Points Buyers,Silver,0.4396,Medium,2.0,52800.0,2.0,2220.91,91.0,37731,YEG
M0037636,Engaged Points Buyers,Gold,0.4375,Medium,7.0,116200.0,2.0,727.3199999999999,454.0,0,YVR
M0000759,Engaged Points Buyers,Gold,0.4362,Medium,6.0,308300.0,1.0,1209.56,423.0,0,YYC
M0012774,Engaged Points Buyers,Gold,0.4354,Medium,2.0,72400.0,2.0,1269.36,7.0,31944,YOW
M0005596,Engaged Points Buyers,Elite,0.4354,Medium,0.0,0.0,8.0,7424.0,80.0,294285,YVR
M0000651,Engaged Points Buyers,Silver,0.4344,Medium,5.0,244900.0,1.0,729.65,376.0,0,YYC
M0028156,Engaged Points Buyers,Base,0.4337,Medium,8.0,731000.0,2.0,3284.16,116.0,0,YYZ
M0002463,Engaged Points Buyers,Platinum,0.4333,Medium,5.0,113300.0,2.0,3318.0699999999997,170.0,119177,YVR
M0014205,Engaged Points Buyers,Base,0.4322,Medium,4.0,0.0,3.0,788.75,182.0,61328,YEG
M0015466,Engaged Points Buyers,Gold,0.4322,Medium,8.0,295800.0,2.0,2841.95,267.0,0,YYZ
M0035286,Engaged Points Buyers,Silver,0.4319,Medium,7.0,779600.0,1.0,993.39,603.0,0,YYZ
M0002168,Engaged Points Buyers,Silver,0.4315,Medium,7.0,690800.0,1.0,352.47,2.0,0,YUL
M0028974,Engaged Points Buyers,Base,0.4309,Medium,9.0,494300.0,1.0,802.61,490.0,0,YVR
M0036281,Engaged Points Buyers,Silver,0.4308,Medium,5.0,205700.0,2.0,1135.05,361.0,0,YVR
M0014291,Engaged Points Buyers,Gold,0.4302,Medium,1.0,0.0,5.0,4432.65,70.0,257392,YYC
M0002982,Engaged Points Buyers,Gold,0.4298,Medium,6.0,418100.0,1.0,229.19,700.0,0,YEG
M0014760,Engaged Points Buyers,Gold,0.4283,Medium,3.0,70800.0,2.0,459.84,386.0,0,YVR
M0027371,Engaged Points Buyers,Silver,0.4261,Medium,4.0,381400.0,1.0,154.11,220.0,0,YYZ
M0025106,Engaged Points Buyers,Platinum,0.4249,Medium,4.0,404100.0,1.0,1187.66,435.0,0,YHZ
M0036077,Engaged Points Buyers,Silver,0.4244,Medium,16.0,287300.0,2.0,790.51,409.0,0,YVR
M0033538,Engaged Points Buyers,Silver,0.4228,Medium,9.0,203300.0,2.0,1246.66,20.0,0,YUL
M0024487,Engaged Points Buyers,Platinum,0.4217,Medium,4.0,361700.0,1.0,1809.79,693.0,0,YUL
M0008276,Engaged Points Buyers,Base,0.4214,Medium,4.0,67700.0,2.0,392.25,168.0,0,YYZ
M0031088,Engaged Points Buyers,Silver,0.4206,Medium,10.0,572200.0,1.0,336.74,495.0,0,YVR
M0033371,Engaged Points Buyers,Gold,0.4204,Medium,7.0,164100.0,2.0,2480.92,265.0,0,YHZ
M0022121,Engaged Points Buyers,Base,0.4193,Medium,7.0,0.0,3.0,818.62,417.0,65864,YEG
M0010656,Engaged Points Buyers,Gold,0.4192,Medium,48.0,1019400.0,2.0,427.11,373.0,0,YOW
M0013561,Engaged Points Buyers,Base,0.4174,Medium,15.0,983100.0,1.0,3929.77,582.0,0,YVR
M0033913,Engaged Points Buyers,Platinum,0.4167,Medium,1.0,29500.0,2.0,2102.41,510.0,66787,YOW
M0025077,Engaged Points Buyers,Gold,0.4163,Medium,2.0,0.0,3.0,3017.71,365.0,173292,YUL
M0008418,Engaged Points Buyers,Base,0.4161,Medium,2.0,51100.0,2.0,3792.11,331.0,89616,YEG
M0003443,Engaged Points Buyers,Base,0.4161,Medium,12.0,830700.0,1.0,598.38,286.0,0,YUL
M0015249,Engaged Points Buyers,Base,0.4153,Medium,12.0,199500.0,3.0,741.31,38.0,0,YUL
M0025271,Engaged Points Buyers,Platinum,0.4152,Medium,6.0,59700.0,2.0,1142.6399999999999,70.0,54177,YYC
M0018594,Engaged Points Buyers,Silver,0.4151,Medium,7.0,230400.0,2.0,1225.25,305.0,0,YYZ
M0028280,Engaged Points Buyers,Gold,0.4149,Medium,5.0,521900.0,1.0,989.89,611.0,0,YYZ
M0001705,Engaged Points Buyers,Base,0.4145,Medium,11.0,197200.0,2.0,3568.5699999999997,411.0,38235,YOW
M0020493,Engaged Points Buyers,Silver,0.4144,Medium,2.0,0.0,5.0,6938.77,4.0,418469,YYZ
M0015768,Engaged Points Buyers,Base,0.4141,Medium,5.0,190100.0,2.0,259.78999999999996,356.0,0,YUL
M0014133,Engaged Points Buyers,Base,0.4137,Medium,4.0,478200.0,1.0,406.55,567.0,0,YYZ
M0011942,Engaged Points Buyers,Silver,0.4116,Medium,6.0,496300.0,1.0,1665.73,489.0,0,YEG
M0011413,Engaged Points Buyers,Base,0.411,Medium,6.0,147700.0,2.0,590.69,36.0,0,YYZ
M0019073,Engaged Points Buyers,Base,0.4098,Medium,8.0,55300.0,3.0,1155.03,171.0,43879,YOW
M0018288,Engaged Points Buyers,Gold,0.4093,Medium,1.0,24500.0,2.0,719.7,514.0,22564,YVR
M0026409,Engaged Points Buyers,Gold,0.4093,Medium,3.0,68200.0,2.0,2629.13,179.0,26433,YYZ
M0001427,Engaged Points Buyers,Gold,0.4092,Medium,4.0,128700.0,2.0,1930.29,117.0,0,YUL
M0004864,Engaged Points Buyers,Silver,0.409,Medium,8.0,134700.0,2.0,2978.8199999999997,213.0,47118,YYC
M0013258,Engaged Points Buyers,Silver,0.4076,Medium,12.0,775700.0,1.0,737.48,559.0,0,YEG
M0030240,Engaged Points Buyers,Platinum,0.4058,Medium,5.0,0.0,3.0,3332.21,95.0,136440,YEG
M0018575,Engaged Points Buyers,Base,0.4058,Medium,1.0,17200.0,2.0,267.19,473.0,5067,YOW
M0020664,Engaged Points Buyers,Base,0.4043,Medium,4.0,54800.0,2.0,1389.58,526.0,22763,YYZ
M0036301,Engaged Points Buyers,Base,0.4024,Low,16.0,981300.0,1.0,321.15,510.0,0,YYC
M0011826,Engaged Points Buyers,Base,0.4016,Low,5.0,63800.0,2.0,1923.32,521.0,35076,YYZ
M0030268,Engaged Points Buyers,Platinum,0.4009,Low,2.0,20900.0,2.0,1949.17,502.0,94983,YVR
M0014522,Engaged Points Buyers,Platinum,0.4008,Low,0.0,0.0,7.0,8993.400000000001,102.0,453217,YVR
M0039329,Engaged Points Buyers,Silver,0.4003,Low,8.0,371800.0,1.0,2889.83,490.0,0,YYZ
M0019164,Engaged Points Buyers,Platinum,0.3991,Low,2.0,125500.0,2.0,1290.02,371.0,0,YYZ
M0018515,Engaged Points Buyers,Gold,0.399,Low,3.0,82300.0,1.0,769.11,600.0,0,YYZ
M0038529,Engaged Points Buyers,Base,0.3989,Low,6.0,447400.0,1.0,513.9,378.0,0,YVR
M0001106,Engaged Points Buyers,Base,0.3988,Low,5.0,114200.0,2.0,2483.73,23.0,10624,YYZ
M0019644,Engaged Points Buyers,Elite,0.3977,Low,18.0,1162000.0,1.0,1430.1,565.0,0,YOW
M0039058,Engaged Points Buyers,Silver,0.3977,Low,15.0,328900.0,2.0,1990.4699999999998,3.0,0,YYZ
M0039026,Engaged Points Buyers,Silver,0.3972,Low,1.0,0.0,2.0,273.83,327.0,67878,YYZ
M0039881,Engaged Points Buyers,Elite,0.397,Low,9.0,365800.0,2.0,2534.21,147.0,0,YVR
M0023123,Engaged Points Buyers,Base,0.397,Low,10.0,274300.0,2.0,2502.2,314.0,0,YUL
M0026886,Engaged Points Buyers,Gold,0.3964,Low,44.0,859000.0,2.0,1122.5,178.0,0,YVR
M0026620,Engaged Points Buyers,Silver,0.3962,Low,14.0,750300.0,1.0,2666.27,558.0,0,YOW
M0012742,Engaged Points Buyers,Platinum,0.3961,Low,7.0,653600.0,1.0,637.79,515.0,0,YVR
M0006490,Engaged Points Buyers,Gold,0.3953,Low,3.0,252600.0,1.0,1000.7,529.0,0,YOW
M0003145,Engaged Points Buyers,Gold,0.3951,Low,16.0,27300.0,3.0,1238.28,461.0,60660,YVR
M0020955,Engaged Points Buyers,Base,0.3951,Low,16.0,1419200.0,1.0,1203.34,580.0,0,YYZ
M0015027,Engaged Points Buyers,Gold,0.3945,Low,1.0,0.0,3.0,2041.19,14.0,85295,YHZ
M0012476,Engaged Points Buyers,Base,0.3931,Low,1.0,192900.0,1.0,885.94,302.0,0,YUL
M0009080,Engaged Points Buyers,Base,0.3931,Low,5.0,0.0,4.0,1094.71,106.0,81489,YYC
M0011080,Engaged Points Buyers,Gold,0.393,Low,1.0,0.0,2.0,699.92,156.0,38171,YYZ
M0015704,Engaged Points Buyers,Silver,0.3924,Low,16.0,99700.0,2.0,682.73,534.0,52149,YHZ
M0031173,Engaged Points Buyers,Gold,0.3922,Low,22.0,1140000.0,1.0,536.01,428.0,0,YYC
M0029140,Engaged Points Buyers,Silver,0.3921,Low,7.0,215400.0,2.0,1690.99,3.0,0,YVR
M0006638,Engaged Points Buyers,Gold,0.3917,Low,15.0,310900.0,2.0,1603.83,14.0,0,YUL
M0012224,Engaged Points Buyers,Gold,0.3909,Low,9.0,435700.0,1.0,617.52,567.0,0,YWG
M0010024,Engaged Points Buyers,Gold,0.3888,Low,5.0,182000.0,2.0,439.45000000000005,6.0,0,YUL
M0010963,Engaged Points Buyers,Gold,0.3883,Low,3.0,89600.0,2.0,351.68,629.0,0,YVR
M0025465,Engaged Points Buyers,Platinum,0.3881,Low,10.0,474800.0,1.0,1079.3,167.0,0,YYC
M0019108,Engaged Points Buyers,Gold,0.3875,Low,10.0,132300.0,2.0,739.65,137.0,0,YVR
M0037464,Engaged Points Buyers,Gold,0.3873,Low,14.0,251400.0,2.0,1008.4300000000001,442.0,0,YUL
M0039818,Engaged Points Buyers,Base,0.3865,Low,1.0,0.0,2.0,268.2,310.0,21547,YUL
M0037935,Engaged Points Buyers,Base,0.386,Low,3.0,19600.0,2.0,326.89,370.0,31377,YYC
M0039837,Engaged Points Buyers,Base,0.3859,Low,9.0,173700.0,2.0,532.94,228.0,0,YYZ
M0000992,Engaged Points Buyers,Base,0.3846,Low,4.0,549700.0,1.0,2333.2,500.0,0,YYZ
M0018666,Engaged Points Buyers,Silver,0.3844,Low,8.0,369800.0,1.0,902.75,647.0,0,YYC
M0008312,Engaged Points Buyers,Base,0.3838,Low,14.0,587000.0,1.0,733.04,224.0,0,YYZ
M0009223,Engaged Points Buyers,Gold,0.3838,Low,81.0,934200.0,2.0,1084.03,225.0,0,YEG
M0026817,Engaged Points Buyers,Silver,0.3835,Low,5.0,425100.0,2.0,673.51,528.0,0,YVR
M0036556,Engaged Points Buyers,Gold,0.3833,Low,7.0,222600.0,1.0,1615.36,667.0,0,YYZ
M0016114,Engaged Points Buyers,Gold,0.3826,Low,36.0,178600.0,2.0,1268.67,278.0,270348,YYC
M0001412,Engaged Points Buyers,Base,0.3825,Low,7.0,104000.0,2.0,1014.26,504.0,0,YHZ
M0008927,Engaged Points Buyers,Silver,0.3823,Low,3.0,585200.0,1.0,243.22,45.0,0,YWG
M0014364,Engaged Points Buyers,Silver,0.3821,Low,25.0,1459400.0,1.0,1156.47,564.0,0,YYZ
M0004705,Engaged Points Buyers,Gold,0.3821,Low,27.0,1836800.0,1.0,738.61,188.0,0,YEG
M0022864,Engaged Points Buyers,Gold,0.382,Low,18.0,402500.0,2.0,1065.51,222.0,0,YVR
M0032231,Engaged Points Buyers,Platinum,0.3818,Low,4.0,197900.0,1.0,765.62,619.0,0,YYZ
M0011422,Engaged Points Buyers,Silver,0.3816,Low,8.0,664100.0,1.0,1846.06,72.0,0,YYZ
M0027986,Engaged Points Buyers,Elite,0.381,Low,10.0,247700.0,2.0,1440.62,257.0,0,YVR
M0030882,Engaged Points Buyers,Gold,0.3793,Low,4.0,116900.0,1.0,1605.16,520.0,0,YWG
M0014620,Engaged Points Buyers,Platinum,0.3787,Low,3.0,290900.0,1.0,1015.64,543.0,0,YUL
M0034788,Engaged Points Buyers,Elite,0.3777,Low,8.0,508000.0,1.0,3157.98,572.0,0,YVR
M0018435,Engaged Points Buyers,Silver,0.3771,Low,10.0,943500.0,1.0,1320.07,378.0,0,YEG
M0006813,Engaged Points Buyers,Silver,0.3769,Low,56.0,633600.0,2.0,643.8,351.0,0,YVR
M0012013,Engaged Points Buyers,Silver,0.3768,Low,10.0,263600.0,2.0,577.11,13.0,0,YUL
M0032235,Engaged Points Buyers,Base,0.3766,Low,3.0,22900.0,2.0,327.45,268.0,2274,YYZ
M0015942,Engaged Points Buyers,Silver,0.3746,Low,5.0,94700.0,2.0,1492.33,104.0,0,YYZ
M0027585,Engaged Points Buyers,Gold,0.3737,Low,8.0,43800.0,2.0,525.05,346.0,37171,YYZ
M0003458,Engaged Points Buyers,Silver,0.3735,Low,20.0,1421500.0,1.0,1292.72,242.0,0,YYZ
M0006388,Engaged Points Buyers,Platinum,0.3732,Low,32.0,436100.0,2.0,1036.3400000000001,184.0,0,YUL
M0007079,Engaged Points Buyers,Base,0.373,Low,4.0,30200.0,2.0,652.49,3.0,27656,YYZ
M0028214,Engaged Points Buyers,Elite,0.3716,Low,11.0,174200.0,2.0,1318.19,95.0,0,YVR
M0024094,Engaged Points Buyers,Base,0.3714,Low,2.0,267400.0,1.0,144.14,263.0,0,YYZ
M0036931,Engaged Points Buyers,Silver,0.3712,Low,10.0,749200.0,1.0,617.39,479.0,0,YYZ
M0019576,Engaged Points Buyers,Base,0.371,Low,67.0,622300.0,2.0,928.5999999999999,8.0,41684,YUL
M0030054,Engaged Points Buyers,Base,0.3705,Low,2.0,28600.0,2.0,848.39,587.0,35393,YUL
M0012715,Engaged Points Buyers,Silver,0.3696,Low,7.0,669100.0,1.0,1380.76,379.0,0,YVR
M0030067,Engaged Points Buyers,Silver,0.3685,Low,7.0,332100.0,1.0,366.68,545.0,0,YUL
M0011639,Engaged Points Buyers,Gold,0.3663,Low,7.0,541200.0,1.0,713.94,198.0,0,YWG
M0039502,Engaged Points Buyers,Gold,0.3645,Low,10.0,781800.0,1.0,589.78,65.0,0,YEG
M0016247,Engaged Points Buyers,Silver,0.3644,Low,4.0,91400.0,2.0,2849.43,313.0,22373,YVR
M0009195,Engaged Points Buyers,Base,0.3635,Low,13.0,23400.0,2.0,1176.3600000000001,300.0,140668,YOW
M0033912,Engaged Points Buyers,Gold,0.3634,Low,13.0,73600.0,2.0,2154.64,141.0,132149,YOW
M0013518,Engaged Points Buyers,Base,0.3634,Low,4.0,180600.0,1.0,1142.18,149.0,0,YYZ
M0022887,Engaged Points Buyers,Elite,0.3631,Low,8.0,239000.0,1.0,1259.81,679.0,0,YVR
M0003584,Engaged Points Buyers,Base,0.3624,Low,4.0,34000.0,2.0,209.66000000000003,495.0,0,YHZ
M0019911,Engaged Points Buyers,Silver,0.3623,Low,10.0,469100.0,1.0,894.38,535.0,0,YOW
M0011713,Engaged Points Buyers,Silver,0.3622,Low,15.0,826100.0,1.0,492.62,94.0,0,YYZ
M0005941,Engaged Points Buyers,Base,0.3615,Low,1.0,30100.0,2.0,221.22,148.0,0,YYC
M0016492,Engaged Points Buyers,Base,0.3611,Low,3.0,45600.0,2.0,596.76,477.0,0,YYC
M0024843,Engaged Points Buyers,Silver,0.3602,Low,28.0,337300.0,2.0,372.4,375.0,0,YYZ
M0035918,Engaged Points Buyers,Silver,0.3601,Low,18.0,32200.0,2.0,232.10000000000002,270.0,171129,YVR
M0024071,Engaged Points Buyers,Silver,0.3596,Low,2.0,30200.0,2.0,757.1,228.0,3078,YEG
M0003904,Engaged Points Buyers,Base,0.3595,Low,5.0,188400.0,2.0,378.54999999999995,259.0,0,YVR
M0027659,Engaged Points Buyers,Base,0.3595,Low,10.0,49600.0,2.0,437.82,379.0,21257,YEG
M0009499,Engaged Points Buyers,Base,0.3592,Low,6.0,139000.0,2.0,1416.85,166.0,0,YYZ
M0010864,Engaged Points Buyers,Silver,0.3588,Low,9.0,136400.0,2.0,1329.25,282.0,0,YUL
M0001643,Engaged Points Buyers,Gold,0.3582,Low,3.0,0.0,3.0,825.55,208.0,54812,YYZ
M0037895,Engaged Points Buyers,Platinum,0.3581,Low,3.0,43100.0,2.0,2427.08,225.0,120055,YUL
M0001549,Engaged Points Buyers,Base,0.3576,Low,3.0,76300.0,2.0,571.2,125.0,0,YYZ
M0023755,Engaged Points Buyers,Gold,0.3576,Low,13.0,73500.0,2.0,629.0799999999999,151.0,125863,YYZ
M0020043,Engaged Points Buyers,Base,0.3569,Low,8.0,140500.0,2.0,584.75,356.0,0,YOW
M0008425,Engaged Points Buyers,Base,0.3568,Low,2.0,100300.0,1.0,686.52,29.0,0,YVR
M0021964,Engaged Points Buyers,Gold,0.3567,Low,13.0,673200.0,1.0,815.79,250.0,0,YVR
M0013797,Engaged Points Buyers,Gold,0.3565,Low,3.0,406800.0,1.0,1357.1,297.0,0,YYZ
M0018788,Engaged Points Buyers,Gold,0.3561,Low,2.0,48800.0,1.0,2769.33,315.0,53105,YVR
M0022674,Engaged Points Buyers,Gold,0.3552,Low,3.0,394000.0,2.0,1804.43,77.0,0,YYC
M0032358,Engaged Points Buyers,Gold,0.3551,Low,10.0,359600.0,1.0,1758.56,458.0,0,YOW
M0003552,Engaged Points Buyers,Platinum,0.355,Low,53.0,653600.0,2.0,505.68,31.0,0,YHZ
M0027598,Engaged Points Buyers,Silver,0.3547,Low,3.0,116200.0,2.0,291.42,78.0,0,YYZ
M0014808,Engaged Points Buyers,Gold,0.3541,Low,6.0,480600.0,1.0,1111.46,251.0,0,YYC
M0032559,Engaged Points Buyers,Gold,0.3537,Low,14.0,822700.0,1.0,950.48,344.0,0,YYZ
M0001997,Engaged Points Buyers,Silver,0.3532,Low,1.0,100800.0,1.0,576.78,515.0,0,YYZ
M0035551,Engaged Points Buyers,Base,0.353,Low,4.0,192600.0,1.0,1669.75,12.0,0,YWG
M0011894,Engaged Points Buyers,Base,0.353,Low,9.0,0.0,3.0,1008.89,113.0,80310,YUL
M0037169,Engaged Points Buyers,Base,0.3526,Low,5.0,14200.0,2.0,550.5799999999999,554.0,28682,YVR
M0029989,Engaged Points Buyers,Gold,0.3523,Low,7.0,92000.0,2.0,987.4000000000001,207.0,0,YUL
M0019616,Engaged Points Buyers,Base,0.3517,Low,2.0,27700.0,1.0,718.2,578.0,10174,YVR
M0001006,Engaged Points Buyers,Silver,0.3516,Low,9.0,974100.0,1.0,807.12,78.0,0,YOW
M0020069,Engaged Points Buyers,Silver,0.3508,Low,10.0,625500.0,1.0,123.71,203.0,0,YYZ
M0001365,Engaged Points Buyers,Elite,0.3504,Low,36.0,211800.0,2.0,730.6,8.0,131478,YYC
M0007291,Engaged Points Buyers,Gold,0.3502,Low,43.0,127700.0,2.0,1114.8,200.0,236603,YYZ
M0015345,Engaged Points Buyers,Gold,0.3497,Low,8.0,134100.0,2.0,949.5500000000001,13.0,0,YYC
M0030539,Engaged Points Buyers,Silver,0.3495,Low,20.0,55100.0,2.0,819.04,146.0,148490,YVR
M0021280,Engaged Points Buyers,Platinum,0.3484,Low,55.0,422000.0,2.0,738.38,125.0,0,YYZ
M0003502,Engaged Points Buyers,Platinum,0.3483,Low,5.0,266600.0,1.0,1577.54,523.0,0,YYC
M0024115,Engaged Points Buyers,Gold,0.3479,Low,17.0,537500.0,1.0,322.8,326.0,0,YHZ
M0036285,Engaged Points Buyers,Base,0.3471,Low,11.0,72700.0,2.0,323.43,306.0,0,YYZ
M0000848,Engaged Points Buyers,Silver,0.3471,Low,4.0,26700.0,2.0,785.09,498.0,20760,YHZ
M0014365,Engaged Points Buyers,Silver,0.3461,Low,20.0,1161400.0,1.0,316.79,284.0,0,YYZ
M0020738,Engaged Points Buyers,Base,0.3443,Low,23.0,329300.0,2.0,509.45,92.0,0,YYZ
M0038103,Engaged Points Buyers,Gold,0.344,Low,27.0,356900.0,2.0,635.45,1.0,0,YYZ
M0036819,Engaged Points Buyers,Base,0.3436,Low,5.0,403000.0,2.0,1190.41,141.0,0,YVR
M0021172,Engaged Points Buyers,Gold,0.3435,Low,6.0,369300.0,1.0,718.88,7.0,0,YYZ
M0035693,Engaged Points Buyers,Gold,0.3433,Low,2.0,0.0,3.0,724.3299999999999,309.0,40634,YUL
M0002666,Engaged Points Buyers,Gold,0.3429,Low,6.0,126700.0,2.0,1840.63,18.0,0,YHZ
M0035734,Engaged Points Buyers,Silver,0.342,Low,20.0,711900.0,1.0,380.17,339.0,0,YOW
M0007466,Engaged Points Buyers,Gold,0.3416,Low,3.0,196400.0,1.0,1386.95,263.0,0,YYZ
M0027680,Engaged Points Buyers,Gold,0.3415,Low,38.0,354600.0,2.0,731.26,4.0,0,YUL
M0014368,Engaged Points Buyers,Gold,0.3413,Low,9.0,491300.0,1.0,815.93,296.0,0,YYZ
M0030790,Engaged Points Buyers,Silver,0.3412,Low,14.0,740900.0,1.0,2091.34,105.0,0,YUL
M0028369,Engaged Points Buyers,Silver,0.3405,Low,13.0,729300.0,1.0,546.57,519.0,0,YYZ
M0036604,Engaged Points Buyers,Gold,0.3405,Low,5.0,290500.0,1.0,1104.68,550.0,0,YWG
M0004113,Engaged Points Buyers,Platinum,0.3404,Low,2.0,0.0,3.0,3934.3,155.0,243353,YHZ
M0026679,Engaged Points Buyers,Base,0.3402,Low,26.0,962800.0,1.0,1907.85,156.0,0,YUL
M0008534,Engaged Points Buyers,Silver,0.3401,Low,20.0,144500.0,2.0,613.88,285.0,0,YOW
M0036048,Engaged Points Buyers,Platinum,0.3398,Low,14.0,151100.0,2.0,2091.56,47.0,53657,YYZ
M0003022,Engaged Points Buyers,Gold,0.3391,Low,25.0,1102900.0,1.0,726.9,274.0,0,YUL
M0030006,Engaged Points Buyers,Base,0.338,Low,9.0,43900.0,2.0,488.21000000000004,244.0,35929,YYZ
M0032750,Engaged Points Buyers,Base,0.3377,Low,3.0,301100.0,1.0,422.92,419.0,0,YYC
M0009905,Engaged Points Buyers,Elite,0.3377,Low,12.0,899600.0,1.0,1852.74,174.0,0,YEG
M0009174,Engaged Points Buyers,Base,0.3372,Low,11.0,69800.0,2.0,863.11,465.0,0,YWG
M0002449,Engaged Points Buyers,Gold,0.337,Low,6.0,312300.0,1.0,409.38,205.0,0,YVR
M0029980,Engaged Points Buyers,Base,0.3369,Low,15.0,123400.0,2.0,497.07,91.0,0,YYZ
M0039307,Engaged Points Buyers,Silver,0.3365,Low,4.0,0.0,3.0,941.7299999999999,349.0,89283,YUL
M0007306,Engaged Points Buyers,Elite,0.3362,Low,9.0,569500.0,1.0,1408.41,566.0,0,YUL
M0036833,Engaged Points Buyers,Silver,0.3359,Low,3.0,20500.0,2.0,1276.83,429.0,48299,YUL
M0026983,Engaged Points Buyers,Base,0.3354,Low,4.0,25100.0,2.0,628.23,152.0,18201,YYZ
M0029940,Engaged Points Buyers,Base,0.3351,Low,2.0,90900.0,1.0,710.92,338.0,0,YYZ
M0031454,Engaged Points Buyers,Gold,0.3341,Low,0.0,0.0,6.0,4152.43,12.0,246230,YYZ
M0015262,Engaged Points Buyers,Platinum,0.334,Low,18.0,1062000.0,1.0,1453.09,40.0,0,YVR
M0024784,Engaged Points Buyers,Base,0.3336,Low,7.0,627400.0,1.0,151.47,408.0,0,YUL
M0017225,Engaged Points Buyers,Gold,0.3327,Low,3.0,23400.0,2.0,1391.6399999999999,73.0,84950,YYZ
M0032947,Engaged Points Buyers,Gold,0.3322,Low,5.0,35700.0,2.0,2889.4700000000003,62.0,78546,YYZ
M0021463,Engaged Points Buyers,Base,0.3322,Low,8.0,501900.0,1.0,517.85,44.0,0,YYZ
M0025023,Engaged Points Buyers,Base,0.332,Low,16.0,126100.0,2.0,541.66,391.0,0,YUL
M0010892,Engaged Points Buyers,Base,0.3315,Low,12.0,389900.0,1.0,1992.65,552.0,0,YUL
M0039410,Engaged Points Buyers,Platinum,0.3314,Low,10.0,512000.0,1.0,1315.21,236.0,0,YYZ
M0039870,Engaged Points Buyers,Silver,0.3309,Low,2.0,0.0,3.0,2259.94,156.0,124820,YYZ
M0020292,Engaged Points Buyers,Gold,0.3305,Low,9.0,535400.0,1.0,881.6,210.0,0,YYC
M0026379,Engaged Points Buyers,Base,0.3302,Low,10.0,431700.0,1.0,962.36,192.0,0,YYC
M0025112,Engaged Points Buyers,Base,0.3294,Low,4.0,32200.0,2.0,545.96,359.0,0,YYZ
M0016536,Engaged Points Buyers,Gold,0.3288,Low,15.0,479200.0,1.0,1657.04,443.0,0,YUL
M0039088,Engaged Points Buyers,Base,0.3287,Low,5.0,30700.0,2.0,715.4599999999999,247.0,20864,YYZ
M0038720,Engaged Points Buyers,Base,0.3273,Low,2.0,173700.0,1.0,234.48,83.0,0,YUL
M0003727,Engaged Points Buyers,Platinum,0.327,Low,2.0,0.0,3.0,5208.84,198.0,242923,YYZ
M0032571,Engaged Points Buyers,Silver,0.3259,Low,4.0,161700.0,1.0,262.03,430.0,0,YYZ
M0021599,Engaged Points Buyers,Base,0.3259,Low,3.0,37300.0,2.0,2106.59,21.0,83264,YYC
M0035974,Engaged Points Buyers,Gold,0.3257,Low,18.0,43200.0,2.0,798.26,60.0,190670,YHZ
M0038354,Engaged Points Buyers,Base,0.3257,Low,4.0,0.0,3.0,444.82,58.0,43491,YYZ
M0030636,Engaged Points Buyers,Silver,0.3254,Low,2.0,88500.0,1.0,2103.96,288.0,150,YUL
M0011917,Engaged Points Buyers,Base,0.3244,Low,8.0,220900.0,1.0,732.61,405.0,0,YYZ
M0021021,Engaged Points Buyers,Base,0.3216,Low,18.0,116200.0,2.0,1029.11,100.0,0,YYC
M0021318,Engaged Points Buyers,Base,0.3213,Low,15.0,803200.0,1.0,275.65,186.0,0,YYZ
M0037565,Engaged Points Buyers,Silver,0.3212,Low,12.0,445600.0,1.0,337.17,114.0,0,YOW
M0038759,Engaged Points Buyers,Platinum,0.3205,Low,3.0,133000.0,1.0,739.86,194.0,0,YYZ
M0032180,Engaged Points Buyers,Platinum,0.32,Low,14.0,583300.0,1.0,1435.9,61.0,0,YVR
M0004496,Engaged Points Buyers,Silver,0.3198,Low,2.0,0.0,3.0,1191.55,67.0,87924,YOW
M0010822,Engaged Points Buyers,Silver,0.3191,Low,25.0,1093100.0,1.0,1089.99,113.0,0,YUL
M0012721,Engaged Points Buyers,Gold,0.3186,Low,23.0,0.0,2.0,773.8,77.0,339558,YUL
M0012525,Engaged Points Buyers,Platinum,0.3186,Low,13.0,675100.0,1.0,884.63,408.0,0,YYC
M0027777,Engaged Points Buyers,Gold,0.3185,Low,3.0,35400.0,2.0,402.51,261.0,0,YYZ
M0024412,Engaged Points Buyers,Platinum,0.3179,Low,2.0,52800.0,2.0,1744.71,121.0,17902,YYZ
M0017697,Engaged Points Buyers,Silver,0.3177,Low,11.0,388300.0,1.0,1994.37,281.0,0,YEG
M0011528,Engaged Points Buyers,Silver,0.3171,Low,8.0,352800.0,1.0,1013.3,441.0,0,YYZ
M0009586,Engaged Points Buyers,Base,0.317,Low,8.0,164500.0,1.0,455.34,237.0,0,YUL
M0020119,Engaged Points Buyers,Silver,0.3169,Low,6.0,144000.0,2.0,2448.41,263.0,0,YHZ
M0005870,Engaged Points Buyers,Silver,0.3168,Low,14.0,681500.0,1.0,508.34,218.0,0,YHZ
M0031991,Engaged Points Buyers,Base,0.3158,Low,9.0,312700.0,1.0,1623.89,127.0,0,YVR
M0010102,Engaged Points Buyers,Base,0.3152,Low,7.0,252100.0,1.0,227.44,344.0,0,YYZ
M0013449,Engaged Points Buyers,Base,0.3151,Low,8.0,107400.0,2.0,876.09,349.0,0,YOW
M0023376,Engaged Points Buyers,Silver,0.3148,Low,17.0,147400.0,2.0,397.61,321.0,0,YYZ
M0038112,Engaged Points Buyers,Silver,0.3143,Low,6.0,197800.0,1.0,1328.18,619.0,0,YVR
M0028601,Engaged Points Buyers,Base,0.3142,Low,13.0,663800.0,1.0,1256.45,34.0,0,YYZ
M0014512,Engaged Points Buyers,Base,0.314,Low,10.0,70800.0,2.0,721.46,201.0,0,YYZ
M0004041,Engaged Points Buyers,Base,0.3139,Low,6.0,56300.0,2.0,299.52,182.0,0,YEG
M0010840,Engaged Points Buyers,Platinum,0.3131,Low,8.0,286200.0,1.0,1364.93,53.0,0,YYZ
M0012158,Engaged Points Buyers,Silver,0.313,Low,6.0,38500.0,2.0,326.71,15.0,44233,YVR
M0000101,Engaged Points Buyers,Silver,0.313,Low,3.0,52000.0,1.0,1325.41,714.0,42245,YOW
M0023744,Engaged Points Buyers,Gold,0.313,Low,7.0,131900.0,1.0,1044.43,311.0,0,YOW
M0010862,Engaged Points Buyers,Gold,0.3124,Low,6.0,506700.0,1.0,422.76,280.0,0,YUL
M0028334,Engaged Points Buyers,Platinum,0.3122,Low,2.0,496900.0,1.0,415.97,562.0,0,YUL
M0014606,Engaged Points Buyers,Base,0.3118,Low,6.0,255400.0,1.0,840.46,443.0,0,YYZ
M0025021,Engaged Points Buyers,Base,0.3116,Low,6.0,219100.0,1.0,517.1,474.0,0,YYZ
M0017674,Engaged Points Buyers,Base,0.3113,Low,5.0,269700.0,1.0,65.87,367.0,0,YYC
M0009390,Engaged Points Buyers,Gold,0.3112,Low,5.0,121700.0,1.0,1307.58,244.0,8280,YOW
M0016902,Engaged Points Buyers,Gold,0.311,Low,4.0,0.0,3.0,2474.91,151.0,167854,YHZ
M0030477,Engaged Points Buyers,Platinum,0.3109,Low,9.0,610100.0,1.0,874.07,446.0,0,YVR
M0001014,Engaged Points Buyers,Silver,0.3104,Low,8.0,523200.0,1.0,2697.82,128.0,0,YYZ
M0022673,Engaged Points Buyers,Silver,0.3102,Low,3.0,113400.0,2.0,385.38,147.0,0,YYC
M0034644,Engaged Points Buyers,Base,0.31,Low,3.0,0.0,3.0,1082.7,52.0,74094,YEG
M0007396,Engaged Points Buyers,Base,0.3099,Low,7.0,83800.0,2.0,638.31,281.0,0,YHZ
M0000964,Engaged Points Buyers,Platinum,0.3098,Low,6.0,256000.0,1.0,715.76,155.0,0,YVR
M0039520,Engaged Points Buyers,Platinum,0.3094,Low,3.0,159600.0,1.0,825.8,111.0,0,YEG
M0034769,Engaged Points Buyers,Base,0.3092,Low,5.0,95400.0,1.0,116.2,466.0,0,YYZ
M0028636,Engaged Points Buyers,Silver,0.3085,Low,2.0,96800.0,1.0,587.79,360.0,0,YWG
M0033302,Engaged Points Buyers,Gold,0.3083,Low,5.0,253500.0,1.0,987.13,467.0,0,YYZ
M0038151,Engaged Points Buyers,Base,0.3075,Low,25.0,188600.0,2.0,621.1500000000001,222.0,0,YWG
M0033047,Engaged Points Buyers,Gold,0.3073,Low,5.0,0.0,2.0,642.11,59.0,81113,YYZ
M0014033,Engaged Points Buyers,Base,0.3061,Low,2.0,34600.0,2.0,483.72999999999996,36.0,0,YYC
M0008764,Engaged Points Buyers,Base,0.3056,Low,5.0,0.0,2.0,1114.48,174.0,82335,YYZ
M0001319,Engaged Points Buyers,Base,0.3027,Low,12.0,336700.0,1.0,557.8,237.0,0,YEG
M0007693,Engaged Points Buyers,Silver,0.3025,Low,22.0,101400.0,2.0,197.34,120.0,10472,YUL
M0020739,Engaged Points Buyers,Gold,0.3025,Low,6.0,0.0,2.0,544.31,34.0,112494,YEG
M0011545,Engaged Points Buyers,Gold,0.3024,Low,21.0,743200.0,1.0,473.68,138.0,0,YYZ
M0002369,Engaged Points Buyers,Base,0.3023,Low,10.0,48500.0,2.0,361.09000000000003,257.0,15238,YUL
M0031315,Engaged Points Buyers,Platinum,0.3011,Low,4.0,90700.0,1.0,3427.3,536.0,174885,YWG
M0037836,Engaged Points Buyers,Base,0.3009,Low,1.0,114200.0,1.0,132.08,411.0,0,YOW
M0010923,Engaged Points Buyers,Base,0.3008,Low,5.0,161600.0,2.0,509.18,1.0,0,YVR
M0019483,Engaged Points Buyers,Silver,0.3008,Low,1.0,46800.0,1.0,733.78,99.0,0,YYZ
M0010028,Engaged Points Buyers,Silver,0.3005,Low,6.0,233000.0,1.0,495.52,73.0,0,YYZ
M0005693,Engaged Points Buyers,Base,0.3004,Low,14.0,15900.0,2.0,1865.18,362.0,92953,YYZ
M0022837,Engaged Points Buyers,Base,0.3001,Low,7.0,321700.0,1.0,926.5,149.0,0,YYC
M0011814,Engaged Points Buyers,Base,0.3,Low,10.0,26300.0,2.0,707.3399999999999,146.0,54162,YHZ
M0012764,Engaged Points Buyers,Silver,0.3,Low,2.0,0.0,3.0,2298.09,189.0,171048,YUL
M0038458,Engaged Points Buyers,Silver,0.2997,Low,6.0,408800.0,1.0,280.34,130.0,0,YUL
M0018059,Engaged Points Buyers,Gold,0.2994,Low,12.0,41600.0,2.0,518.6800000000001,124.0,65393,YWG
M0027572,Engaged Points Buyers,Base,0.2992,Low,11.0,28800.0,2.0,988.6399999999999,22.0,96575,YUL
M0028934,Engaged Points Buyers,Base,0.2987,Low,2.0,105800.0,1.0,311.82,328.0,0,YYZ
M0005961,Engaged Points Buyers,Base,0.2984,Low,12.0,43000.0,2.0,727.74,222.0,74194,YYZ
M0024936,Engaged Points Buyers,Silver,0.2984,Low,3.0,50600.0,1.0,156.36,442.0,0,YYZ
M0038339,Engaged Points Buyers,Silver,0.2977,Low,4.0,0.0,3.0,1097.65,31.0,48592,YYZ
M0025905,Engaged Points Buyers,Base,0.2973,Low,8.0,605300.0,1.0,617.06,43.0,0,YYZ
M0034277,Engaged Points Buyers,Base,0.2968,Low,7.0,54200.0,2.0,406.23,384.0,0,YYZ
M0016031,Engaged Points Buyers,Silver,0.2967,Low,8.0,98000.0,2.0,1020.71,314.0,0,YEG
M0004044,Engaged Points Buyers,Base,0.2951,Low,4.0,37300.0,2.0,1678.42,453.0,46484,YVR
M0020238,Engaged Points Buyers,Silver,0.295,Low,3.0,351900.0,1.0,558.49,61.0,0,YUL
M0027797,Engaged Points Buyers,Base,0.2943,Low,5.0,36500.0,2.0,330.47,171.0,15462,YVR
M0024432,Engaged Points Buyers,Base,0.294,Low,1.0,66700.0,1.0,84.61,154.0,0,YYZ
M0032138,Engaged Points Buyers,Gold,0.294,Low,6.0,29600.0,2.0,914.01,192.0,22938,YYZ
M0009576,Engaged Points Buyers,Silver,0.294,Low,3.0,327700.0,1.0,2470.02,132.0,0,YYC
M0035848,Engaged Points Buyers,Platinum,0.2935,Low,3.0,99800.0,1.0,740.16,516.0,0,YWG
M0023484,Engaged Points Buyers,Gold,0.2924,Low,3.0,0.0,2.0,2631.63,157.0,129176,YWG
M0029774,Engaged Points Buyers,Base,0.2922,Low,4.0,182500.0,1.0,1326.52,65.0,0,YOW
M0026345,Engaged Points Buyers,Platinum,0.292,Low,10.0,839400.0,1.0,572.19,184.0,0,YOW
M0007446,Engaged Points Buyers,Silver,0.2914,Low,10.0,374300.0,1.0,1603.18,270.0,0,YYZ
M0020782,Engaged Points Buyers,Platinum,0.2908,Low,11.0,290700.0,1.0,1395.59,251.0,0,YYZ
M0037724,Engaged Points Buyers,Base,0.2906,Low,2.0,0.0,2.0,592.97,214.0,37784,YYZ
M0006665,Engaged Points Buyers,Gold,0.2906,Low,6.0,29400.0,2.0,230.01999999999998,30.0,12443,YYZ
M0032049,Engaged Points Buyers,Base,0.2903,Low,12.0,88800.0,2.0,412.0,50.0,0,YYZ
M0014635,Engaged Points Buyers,Silver,0.2891,Low,6.0,180400.0,1.0,188.76,369.0,0,YVR
M0017744,Engaged Points Buyers,Platinum,0.2888,Low,9.0,408900.0,1.0,826.14,4.0,0,YVR
M0015742,Engaged Points Buyers,Base,0.2885,Low,3.0,75600.0,1.0,118.25,288.0,0,YVR
M0031389,Engaged Points Buyers,Base,0.2879,Low,4.0,233800.0,1.0,335.61,225.0,0,YYZ
M0035980,Engaged Points Buyers,Base,0.2879,Low,12.0,25800.0,2.0,682.22,121.0,66123,YVR
M0028880,Engaged Points Buyers,Base,0.2876,Low,5.0,111700.0,1.0,561.48,575.0,0,YYC
M0011451,Engaged Points Buyers,Base,0.2875,Low,3.0,68800.0,1.0,2054.85,354.0,91879,YVR
M0015747,Engaged Points Buyers,Platinum,0.2874,Low,8.0,206600.0,1.0,308.32,280.0,0,YUL
M0013697,Engaged Points Buyers,Base,0.2874,Low,3.0,64500.0,2.0,466.0,117.0,0,YUL
M0035154,Engaged Points Buyers,Base,0.2872,Low,9.0,100000.0,2.0,246.46999999999997,94.0,0,YVR
M0029427,Engaged Points Buyers,Gold,0.2868,Low,4.0,47800.0,1.0,712.11,478.0,37598,YVR
M0007996,Engaged Points Buyers,Base,0.2868,Low,11.0,48200.0,2.0,517.31,194.0,54663,YYZ
M0015341,Engaged Points Buyers,Gold,0.2868,Low,5.0,208700.0,1.0,579.21,48.0,0,YHZ
M0003081,Engaged Points Buyers,Gold,0.2863,Low,12.0,624000.0,1.0,598.71,168.0,0,YYC
M0018295,Engaged Points Buyers,Silver,0.2858,Low,3.0,29100.0,2.0,620.56,412.0,38936,YYC
M0003110,Engaged Points Buyers,Silver,0.2856,Low,2.0,33900.0,1.0,872.03,535.0,50729,YWG
M0012998,Engaged Points Buyers,Base,0.2855,Low,4.0,43300.0,2.0,274.08000000000004,281.0,0,YYC
M0002199,Engaged Points Buyers,Base,0.2853,Low,5.0,218800.0,1.0,1067.82,73.0,0,YYC
M0023672,Engaged Points Buyers,Platinum,0.285,Low,2.0,115800.0,1.0,774.46,369.0,0,YVR
M0034254,Engaged Points Buyers,Base,0.2847,Low,15.0,338100.0,1.0,519.38,323.0,0,YYZ
M0024543,Engaged Points Buyers,Base,0.2845,Low,5.0,119400.0,1.0,379.86,218.0,0,YYC
M0011549,Engaged Points Buyers,Silver,0.2841,Low,9.0,36700.0,2.0,944.13,80.0,89309,YYZ
M0007898,Engaged Points Buyers,Silver,0.2838,Low,5.0,45200.0,2.0,452.2,188.0,0,YYZ
M0024506,Engaged Points Buyers,Silver,0.2832,Low,1.0,0.0,2.0,3594.83,176.0,151106,YYC
M0002091,Engaged Points Buyers,Gold,0.283,Low,10.0,300000.0,1.0,1165.35,149.0,0,YOW
M0030138,Engaged Points Buyers,Base,0.2824,Low,4.0,42300.0,1.0,697.98,456.0,0,YYC
M0039691,Engaged Points Buyers,Gold,0.2822,Low,14.0,42400.0,2.0,589.48,102.0,39369,YYZ
M0019155,Engaged Points Buyers,Silver,0.2818,Low,3.0,23800.0,2.0,337.37,231.0,6484,YYC
M0032855,Engaged Points Buyers,Silver,0.2808,Low,5.0,0.0,2.0,886.1600000000001,200.0,88186,YYC
M0006918,Engaged Points Buyers,Platinum,0.2791,Low,3.0,82900.0,1.0,925.34,458.0,21921,YYZ
M0034570,Engaged Points Buyers,Base,0.2789,Low,4.0,259200.0,1.0,640.35,158.0,0,YYZ
M0000362,Engaged Points Buyers,Gold,0.2768,Low,11.0,259300.0,1.0,542.83,349.0,0,YYZ
M0009667,Engaged Points Buyers,Base,0.2767,Low,6.0,101300.0,1.0,405.97,559.0,0,YYZ
M0004638,Engaged Points Buyers,Base,0.2766,Low,4.0,0.0,3.0,466.75,98.0,43169,YUL
M0007763,Engaged Points Buyers,Gold,0.2749,Low,5.0,0.0,2.0,2812.33,33.0,242146,YVR
M0017592,Engaged Points Buyers,Gold,0.2749,Low,8.0,150900.0,1.0,430.0,522.0,0,YYC
M0017316,Engaged Points Buyers,Platinum,0.2746,Low,1.0,0.0,3.0,3110.15,161.0,151791,YUL
M0015387,Engaged Points Buyers,Platinum,0.2741,Low,5.0,146900.0,1.0,1022.24,234.0,0,YYZ
M0003506,Engaged Points Buyers,Base,0.2739,Low,10.0,0.0,2.0,1111.53,275.0,113559,YYZ
M0005401,Engaged Points Buyers,Base,0.2739,Low,3.0,0.0,2.0,574.4200000000001,152.0,53943,YYC
M0006370,Engaged Points Buyers,Gold,0.2724,Low,13.0,104000.0,2.0,214.76,85.0,0,YWG
M0000724,Engaged Points Buyers,Gold,0.2716,Low,2.0,21200.0,1.0,989.31,347.0,24991,YYC
M0002366,Engaged Points Buyers,Base,0.2699,Low,2.0,111400.0,1.0,121.67,219.0,0,YYZ
M0020195,Engaged Points Buyers,Gold,0.268,Low,3.0,0.0,2.0,358.88,75.0,58089,YUL
M0026753,Engaged Points Buyers,Gold,0.2673,Low,2.0,130100.0,1.0,236.2,380.0,0,YUL
M0015325,Engaged Points Buyers,Platinum,0.267,Low,13.0,624400.0,1.0,1592.15,22.0,0,YYZ
M0037035,Engaged Points Buyers,Base,0.2668,Low,13.0,805600.0,1.0,675.49,34.0,0,YYC
M0016568,Engaged Points Buyers,Base,0.2666,Low,7.0,62100.0,1.0,632.67,580.0,19558,YUL
M0031198,Engaged Points Buyers,Silver,0.2664,Low,4.0,0.0,2.0,520.86,162.0,44835,YUL
M0016023,Engaged Points Buyers,Base,0.2662,Low,5.0,0.0,2.0,710.96,4.0,90975,YYZ
M0029698,Engaged Points Buyers,Silver,0.2659,Low,1.0,0.0,2.0,537.47,123.0,36901,YYZ
M0022897,Engaged Points Buyers,Base,0.2653,Low,1.0,0.0,2.0,5004.45,87.0,209040,YUL
M0016735,Engaged Points Buyers,Silver,0.2649,Low,7.0,96600.0,1.0,427.67,303.0,0,YEG
M0032611,Engaged Points Buyers,Gold,0.2648,Low,4.0,146500.0,1.0,1047.96,547.0,0,YYZ
M0014042,Engaged Points Buyers,Silver,0.2646,Low,19.0,379900.0,1.0,452.34,316.0,0,YYZ
M0013905,Engaged Points Buyers,Silver,0.2639,Low,9.0,261100.0,1.0,255.56,122.0,0,YUL
M0028911,Engaged Points Buyers,Silver,0.2636,Low,6.0,304500.0,1.0,416.96,296.0,0,YOW
M0005880,Engaged Points Buyers,Gold,0.2632,Low,9.0,277900.0,1.0,829.08,310.0,0,YYZ
M0016572,Engaged Points Buyers,Base,0.263,Low,2.0,0.0,3.0,1047.79,61.0,63303,YYC
M0018457,Engaged Points Buyers,Base,0.2626,Low,1.0,0.0,2.0,653.46,222.0,51985,YOW
M0000473,Engaged Points Buyers,Base,0.2624,Low,24.0,32200.0,2.0,625.45,60.0,66443,YYC
M0017338,Engaged Points Buyers,Silver,0.2619,Low,15.0,17000.0,2.0,320.08,26.0,41730,YUL
M0038976,Engaged Points Buyers,Platinum,0.2618,Low,4.0,0.0,3.0,1098.51,86.0,90907,YYZ
M0035282,Engaged Points Buyers,Base,0.2618,Low,5.0,117400.0,1.0,236.53,198.0,0,YWG
M0029157,Engaged Points Buyers,Silver,0.2615,Low,1.0,0.0,3.0,774.0699999999999,125.0,49406,YUL
M0012521,Engaged Points Buyers,Elite,0.2613,Low,0.0,0.0,5.0,4611.87,6.0,188115,YUL
M0037971,Engaged Points Buyers,Silver,0.2605,Low,8.0,37200.0,1.0,587.99,352.0,47755,YEG
M0038179,Engaged Points Buyers,Base,0.2587,Low,4.0,76600.0,1.0,922.93,179.0,23100,YWG
M0035552,Engaged Points Buyers,Silver,0.2583,Low,4.0,144000.0,1.0,330.47,360.0,0,YYZ
M0017737,Engaged Points Buyers,Base,0.2578,Low,2.0,0.0,2.0,733.69,173.0,57688,YYZ
M0039097,Engaged Points Buyers,Silver,0.2577,Low,7.0,210600.0,1.0,1335.64,460.0,0,YUL
M0007708,Engaged Points Buyers,Base,0.2576,Low,3.0,0.0,2.0,573.08,98.0,39705,YHZ
M0014338,Engaged Points Buyers,Gold,0.2575,Low,11.0,105100.0,1.0,224.58,536.0,0,YUL
M0016207,Engaged Points Buyers,Base,0.2571,Low,9.0,175400.0,2.0,439.89,124.0,0,YUL
M0021818,Engaged Points Buyers,Base,0.256,Low,11.0,113800.0,2.0,908.81,33.0,0,YHZ
M0028889,Engaged Points Buyers,Base,0.2556,Low,8.0,224100.0,1.0,209.19,396.0,0,YHZ
M0033719,Engaged Points Buyers,Silver,0.2546,Low,1.0,0.0,2.0,1460.5500000000002,61.0,75269,YVR
M0019697,Engaged Points Buyers,Elite,0.2537,Low,9.0,292300.0,1.0,594.2,198.0,0,YYZ
M0012889,Engaged Points Buyers,Base,0.2532,Low,11.0,459000.0,1.0,304.28,343.0,0,YYZ
M0001971,Engaged Points Buyers,Silver,0.2531,Low,5.0,23500.0,2.0,737.99,16.0,20047,YHZ
M0006655,Engaged Points Buyers,Silver,0.2527,Low,1.0,41400.0,1.0,2155.53,225.0,34283,YHZ
M0035542,Engaged Points Buyers,Silver,0.252,Low,20.0,349000.0,1.0,873.37,560.0,0,YUL
M0034028,Engaged Points Buyers,Gold,0.2517,Low,1.0,0.0,2.0,1104.22,262.0,88315,YYZ
M0030303,Engaged Points Buyers,Gold,0.2512,Low,7.0,154300.0,1.0,1885.93,273.0,2064,YVR
M0002751,Engaged Points Buyers,Base,0.2505,Low,8.0,79300.0,1.0,461.57,394.0,21427,YHZ
M0004501,Engaged Points Buyers,Platinum,0.2504,Low,13.0,274300.0,1.0,522.78,223.0,0,YUL
M0032251,Engaged Points Buyers,Silver,0.2503,Low,3.0,82200.0,1.0,1012.79,514.0,0,YUL
M0031437,Engaged Points Buyers,Base,0.2498,Low,1.0,22000.0,1.0,84.11,421.0,2500,YVR
M0005459,Engaged Points Buyers,Silver,0.2487,Low,3.0,66600.0,1.0,547.23,470.0,30992,YHZ
M0021346,Engaged Points Buyers,Silver,0.2485,Low,5.0,234800.0,1.0,578.48,222.0,0,YHZ
M0035935,Engaged Points Buyers,Base,0.248,Low,6.0,0.0,2.0,649.68,112.0,51394,YWG
M0033558,Engaged Points Buyers,Platinum,0.2477,Low,3.0,53300.0,1.0,568.65,6.0,28276,YVR
M0010622,Engaged Points Buyers,Base,0.247,Low,2.0,109800.0,1.0,291.52,299.0,0,YVR
M0022362,Engaged Points Buyers,Base,0.247,Low,2.0,28100.0,1.0,273.43,401.0,40269,YUL
M0033628,Engaged Points Buyers,Platinum,0.246,Low,5.0,108300.0,1.0,681.86,106.0,0,YYZ
M0025697,Engaged Points Buyers,Base,0.2445,Low,11.0,23800.0,2.0,548.5,4.0,21404,YYZ
M0019760,Engaged Points Buyers,Base,0.2438,Low,6.0,0.0,2.0,947.39,178.0,59073,YHZ
M0015214,Engaged Points Buyers,Base,0.2423,Low,8.0,0.0,2.0,517.34,96.0,47886,YUL
M0016847,Engaged Points Buyers,Base,0.2417,Low,4.0,71800.0,1.0,315.34,129.0,0,YVR
M0037802,Engaged Points Buyers,Silver,0.2413,Low,25.0,328300.0,1.0,1982.61,211.0,9978,YUL
M0036638,Engaged Points Buyers,Platinum,0.2409,Low,2.0,49600.0,1.0,303.05,171.0,0,YYZ
M0035772,Engaged Points Buyers,Base,0.2407,Low,4.0,0.0,2.0,681.94,106.0,33577,YUL
M0025129,Engaged Points Buyers,Base,0.2402,Low,2.0,51700.0,1.0,206.56,440.0,0,YYC
M0012916,Engaged Points Buyers,Base,0.2402,Low,3.0,41800.0,1.0,211.77,173.0,114,YVR
M0017835,Engaged Points Buyers,Silver,0.2398,Low,1.0,0.0,2.0,228.9,17.0,28412,YYC
M0023663,Engaged Points Buyers,Base,0.2392,Low,10.0,0.0,2.0,935.73,180.0,72774,YEG
M0038495,Engaged Points Buyers,Silver,0.2384,Low,1.0,0.0,2.0,1211.67,5.0,126140,YOW
M0032234,Engaged Points Buyers,Base,0.2381,Low,5.0,42100.0,1.0,684.45,376.0,14666,YVR
M0030119,Engaged Points Buyers,Gold,0.2373,Low,5.0,220200.0,1.0,941.06,420.0,0,YYZ
M0030907,Engaged Points Buyers,Base,0.2372,Low,10.0,0.0,2.0,268.37,105.0,38485,YYZ
M0039317,Engaged Points Buyers,Platinum,0.2352,Low,34.0,355400.0,1.0,306.76,258.0,0,YYZ
M0009125,Engaged Points Buyers,Silver,0.2349,Low,8.0,129100.0,1.0,164.61,488.0,0,YEG
M0019085,Engaged Points Buyers,Silver,0.234,Low,6.0,162600.0,1.0,257.65,359.0,0,YWG
M0017237,Engaged Points Buyers,Base,0.2336,Low,2.0,47400.0,1.0,91.11,253.0,0,YYZ
M0032511,Engaged Points Buyers,Base,0.2336,Low,5.0,0.0,2.0,243.61,97.0,33260,YEG
M0009128,Engaged Points Buyers,Base,0.2334,Low,2.0,28300.0,1.0,286.74,26.0,9873,YYZ
M0007938,Engaged Points Buyers,Base,0.2311,Low,17.0,187500.0,1.0,259.1,327.0,0,YVR
M0006557,Engaged Points Buyers,Silver,0.2309,Low,5.0,22400.0,1.0,261.28,481.0,38859,YUL
M0008798,Engaged Points Buyers,Base,0.2307,Low,8.0,240800.0,1.0,114.24,375.0,0,YUL
M0026604,Engaged Points Buyers,Silver,0.2306,Low,20.0,49800.0,1.0,382.23,189.0,251806,YEG
M0023300,Engaged Points Buyers,Silver,0.2302,Low,5.0,47400.0,1.0,951.5,568.0,12611,YEG
M0037293,Engaged Points Buyers,Base,0.2291,Low,15.0,250600.0,1.0,178.56,343.0,0,YVR
M0016844,Engaged Points Buyers,Silver,0.229,Low,7.0,122200.0,1.0,184.23,439.0,0,YUL
M0030277,Engaged Points Buyers,Base,0.2283,Low,7.0,0.0,2.0,529.4300000000001,140.0,56235,YOW
M0034299,Engaged Points Buyers,Base,0.2279,Low,1.0,0.0,2.0,755.25,0.0,41970,YYZ
M0021907,Engaged Points Buyers,Base,0.2269,Low,2.0,0.0,2.0,346.07,188.0,31516,YUL
M0011478,Engaged Points Buyers,Base,0.2266,Low,2.0,26100.0,1.0,111.63,10.0,10393,YOW
M0023135,Engaged Points Buyers,Base,0.2262,Low,6.0,26200.0,1.0,284.89,472.0,41625,YYZ
M0033974,Engaged Points Buyers,Base,0.2257,Low,8.0,65100.0,1.0,651.7,622.0,22529,YYZ
M0035119,Engaged Points Buyers,Base,0.2248,Low,1.0,51100.0,1.0,3796.6,17.0,91059,YYZ
M0036190,Engaged Points Buyers,Silver,0.2247,Low,16.0,525200.0,1.0,736.06,348.0,0,YVR
M0038750,Engaged Points Buyers,Base,0.2241,Low,5.0,141600.0,1.0,123.17,113.0,0,YYZ
M0029913,Engaged Points Buyers,Silver,0.2239,Low,5.0,229700.0,1.0,478.51,254.0,0,YVR
M0009404,Engaged Points Buyers,Base,0.2238,Low,8.0,65300.0,1.0,983.01,465.0,53277,YEG
M0004627,Engaged Points Buyers,Base,0.2232,Low,2.0,50400.0,1.0,442.65,104.0,0,YOW
M0011622,Engaged Points Buyers,Gold,0.2229,Low,4.0,100100.0,1.0,199.68,416.0,0,YYZ
M0006062,Engaged Points Buyers,Base,0.2229,Low,11.0,151700.0,1.0,791.41,389.0,0,YYC
M0017100,Engaged Points Buyers,Platinum,0.2227,Low,84.0,921100.0,1.0,603.45,183.0,0,YYZ
M0011262,Engaged Points Buyers,Base,0.2225,Low,1.0,29200.0,1.0,173.7,235.0,0,YEG
M0012883,Engaged Points Buyers,Silver,0.2211,Low,1.0,59800.0,1.0,598.82,149.0,0,YOW
M0030325,Engaged Points Buyers,Silver,0.2211,Low,2.0,0.0,2.0,2192.08,207.0,105592,YOW
M0023547,Engaged Points Buyers,Base,0.2197,Low,2.0,104600.0,1.0,368.78,216.0,0,YHZ
M0030918,Engaged Points Buyers,Silver,0.2192,Low,24.0,299000.0,1.0,207.8,451.0,0,YOW
M0038084,Engaged Points Buyers,Base,0.2183,Low,10.0,83700.0,1.0,836.5,410.0,19430,YUL
M0016614,Engaged Points Buyers,Base,0.2181,Low,1.0,27700.0,1.0,364.14,284.0,0,YEG
M0019928,Engaged Points Buyers,Silver,0.2181,Low,4.0,38200.0,1.0,459.53,98.0,12686,YUL
M0038298,Engaged Points Buyers,Silver,0.218,Low,41.0,334300.0,1.0,262.8,384.0,0,YYZ
M0033321,Engaged Points Buyers,Platinum,0.2176,Low,3.0,94900.0,1.0,276.79,402.0,0,YYZ
M0024112,Engaged Points Buyers,Base,0.2158,Low,1.0,0.0,1.0,242.87,227.0,28900,YYZ
M0028276,Engaged Points Buyers,Base,0.2156,Low,11.0,176700.0,1.0,153.61,107.0,0,YYZ
M0010303,Engaged Points Buyers,Base,0.2156,Low,1.0,22900.0,1.0,225.0,21.0,0,YWG
M0010184,Engaged Points Buyers,Base,0.2154,Low,11.0,179300.0,1.0,123.69,371.0,0,YYZ
M0022255,Engaged Points Buyers,Base,0.2154,Low,6.0,141400.0,1.0,143.64,196.0,0,YHZ
M0034807,Engaged Points Buyers,Base,0.2153,Low,7.0,25700.0,1.0,606.13,387.0,33104,YYZ
M0032246,Engaged Points Buyers,Silver,0.2153,Low,22.0,237100.0,1.0,404.62,273.0,0,YHZ
M0030274,Engaged Points Buyers,Gold,0.2147,Low,52.0,445100.0,1.0,225.37,380.0,0,YYZ
M0002646,Engaged Points Buyers,Silver,0.2138,Low,14.0,216400.0,1.0,942.32,228.0,0,YYZ
M0016053,Engaged Points Buyers,Base,0.2135,Low,4.0,0.0,2.0,217.24,70.0,32618,YVR
M0024319,Engaged Points Buyers,Gold,0.2131,Low,8.0,67800.0,1.0,215.75,266.0,0,YUL
M0037411,Engaged Points Buyers,Base,0.213,Low,9.0,276500.0,1.0,86.82,283.0,0,YEG
M0016843,Engaged Points Buyers,Gold,0.2128,Low,2.0,11500.0,1.0,598.13,438.0,40585,YHZ
M0039273,Engaged Points Buyers,Silver,0.2117,Low,35.0,359700.0,1.0,1126.43,172.0,0,YUL
M0011901,Engaged Points Buyers,Silver,0.2113,Low,3.0,22600.0,1.0,461.51,438.0,15438,YYC
M0013613,Engaged Points Buyers,Silver,0.2111,Low,1.0,0.0,1.0,268.16,13.0,80931,YUL
M0010452,Engaged Points Buyers,Base,0.2105,Low,6.0,0.0,2.0,293.25,42.0,40580,YHZ
M0005952,Engaged Points Buyers,Base,0.2104,Low,9.0,178400.0,1.0,368.82,153.0,0,YUL
M0034969,Engaged Points Buyers,Base,0.2097,Low,5.0,44400.0,1.0,247.57,411.0,0,YVR
M0016779,Engaged Points Buyers,Silver,0.2095,Low,4.0,47600.0,1.0,435.66,334.0,4952,YYZ
M0008062,Engaged Points Buyers,Gold,0.2092,Low,49.0,676600.0,1.0,416.26,117.0,0,YUL
M0030162,Engaged Points Buyers,Silver,0.2091,Low,14.0,163200.0,1.0,1289.04,411.0,0,YUL
M0033745,Engaged Points Buyers,Silver,0.2087,Low,10.0,310700.0,1.0,156.01,463.0,0,YYZ
M0012241,Engaged Points Buyers,Silver,0.2083,Low,3.0,32000.0,1.0,731.14,402.0,0,YEG
M0035316,Engaged Points Buyers,Base,0.2082,Low,47.0,467800.0,1.0,254.47,455.0,0,YYZ
M0034383,Engaged Points Buyers,Gold,0.2077,Low,6.0,0.0,2.0,749.44,42.0,72957,YVR
M0017193,Engaged Points Buyers,Gold,0.207,Low,11.0,169700.0,1.0,400.17,147.0,0,YYZ
M0004108,Engaged Points Buyers,Gold,0.2067,Low,17.0,260400.0,1.0,355.06,1.0,0,YVR
M0022494,Engaged Points Buyers,Base,0.2066,Low,2.0,59800.0,1.0,458.09,28.0,0,YYC
M0015346,Engaged Points Buyers,Platinum,0.2063,Low,3.0,53100.0,1.0,1256.14,25.0,0,YYZ
M0008940,Engaged Points Buyers,Silver,0.2061,Low,15.0,99400.0,1.0,490.15,433.0,5962,YUL
M0019213,Engaged Points Buyers,Gold,0.2059,Low,18.0,146900.0,1.0,458.87,223.0,22286,YWG
M0022734,Engaged Points Buyers,Base,0.2058,Low,17.0,167700.0,1.0,111.55,347.0,7410,YVR
M0005890,Engaged Points Buyers,Base,0.2055,Low,2.0,0.0,2.0,564.04,68.0,34000,YVR
M0034151,Engaged Points Buyers,Base,0.2054,Low,8.0,70600.0,1.0,550.12,164.0,0,YYZ
M0007331,Engaged Points Buyers,Base,0.2053,Low,5.0,0.0,2.0,437.95,18.0,41121,YUL
M0000328,Engaged Points Buyers,Base,0.2052,Low,5.0,215200.0,1.0,178.18,300.0,0,YYZ
M0000593,Engaged Points Buyers,Base,0.2052,Low,3.0,21800.0,1.0,168.89,306.0,0,YYZ
M0035783,Engaged Points Buyers,Base,0.2052,Low,63.0,540600.0,1.0,305.91,254.0,0,YWG
M0036398,Engaged Points Buyers,Base,0.2049,Low,3.0,400300.0,1.0,518.87,17.0,0,YWG
M0038307,Engaged Points Buyers,Platinum,0.2042,Low,5.0,173700.0,1.0,2052.19,125.0,2641,YHZ
M0019948,Engaged Points Buyers,Silver,0.2039,Low,3.0,34200.0,1.0,2201.59,230.0,56439,YYZ
M0037931,Engaged Points Buyers,Base,0.2038,Low,10.0,230700.0,1.0,341.31,220.0,0,YVR
M0031162,Engaged Points Buyers,Platinum,0.203,Low,3.0,105400.0,1.0,1231.89,432.0,0,YOW
M0034886,Engaged Points Buyers,Silver,0.2024,Low,25.0,212100.0,1.0,279.24,464.0,0,YYZ
M0016949,Engaged Points Buyers,Base,0.2024,Low,4.0,252400.0,1.0,261.95,213.0,0,YOW
M0000174,Engaged Points Buyers,Platinum,0.202,Low,15.0,499100.0,1.0,1695.01,355.0,0,YYC
M0025477,Engaged Points Buyers,Base,0.2012,Low,3.0,105000.0,1.0,173.56,82.0,0,YUL
M0011685,Engaged Points Buyers,Base,0.2011,Low,2.0,26800.0,1.0,245.94,111.0,38794,YYZ
M0000314,Engaged Points Buyers,Base,0.1999,Low,2.0,0.0,1.0,1268.1,383.0,106420,YYZ
M0017503,Engaged Points Buyers,Silver,0.1988,Low,20.0,343900.0,1.0,460.99,85.0,0,YYZ
M0034259,Engaged Points Buyers,Elite,0.1984,Low,18.0,788800.0,1.0,298.09,68.0,0,YYZ
M0030919,Engaged Points Buyers,Base,0.198,Low,3.0,0.0,2.0,825.19,65.0,74089,YEG
M0015778,Engaged Points Buyers,Silver,0.1976,Low,10.0,123200.0,1.0,236.66,357.0,0,YOW
M0021576,Engaged Points Buyers,Gold,0.1959,Low,2.0,0.0,1.0,456.15,11.0,39766,YYZ
M0017305,Engaged Points Buyers,Base,0.1959,Low,6.0,122700.0,1.0,174.52,347.0,0,YYZ
M0031704,Engaged Points Buyers,Base,0.1958,Low,4.0,22800.0,1.0,177.8,263.0,8522,YYC
M0037010,Engaged Points Buyers,Base,0.1957,Low,4.0,13700.0,1.0,137.69,175.0,10360,YYZ
M0017400,Engaged Points Buyers,Base,0.195,Low,31.0,195800.0,1.0,1038.61,241.0,84794,YEG
M0018416,Engaged Points Buyers,Base,0.1945,Low,14.0,74200.0,1.0,284.69,396.0,0,YYZ
M0009205,Engaged Points Buyers,Base,0.1944,Low,3.0,36700.0,1.0,404.67,521.0,6291,YYZ
M0024312,Engaged Points Buyers,Gold,0.1938,Low,22.0,320500.0,1.0,92.96,362.0,0,YOW
M0016313,Engaged Points Buyers,Silver,0.1933,Low,4.0,28200.0,1.0,1649.13,347.0,38638,YUL
M0009979,Engaged Points Buyers,Base,0.1927,Low,3.0,103400.0,1.0,508.34,9.0,0,YUL
M0027480,Engaged Points Buyers,Elite,0.1926,Low,27.0,281000.0,1.0,708.92,24.0,0,YEG
M0016223,Engaged Points Buyers,Base,0.1926,Low,9.0,87000.0,1.0,536.02,305.0,0,YYZ
M0026106,Engaged Points Buyers,Gold,0.1922,Low,23.0,172100.0,1.0,376.55,75.0,63460,YVR
M0007525,Engaged Points Buyers,Silver,0.192,Low,25.0,80100.0,1.0,324.85,67.0,158875,YVR
M0008349,Engaged Points Buyers,Platinum,0.192,Low,2.0,36600.0,1.0,159.8,307.0,0,YYZ
M0032320,Engaged Points Buyers,Silver,0.1915,Low,3.0,40900.0,1.0,151.23,232.0,0,YYZ
M0013585,Engaged Points Buyers,Silver,0.1909,Low,9.0,196800.0,1.0,452.83,198.0,0,YYC
M0000861,Engaged Points Buyers,Base,0.1905,Low,10.0,87000.0,1.0,254.54,348.0,0,YVR
M0019741,Engaged Points Buyers,Base,0.1902,Low,8.0,57100.0,1.0,271.59,250.0,0,YYC
M0014541,Engaged Points Buyers,Silver,0.1902,Low,2.0,35700.0,1.0,2018.52,192.0,32835,YYZ
M0032144,Engaged Points Buyers,Base,0.19,Low,4.0,85100.0,1.0,136.11,137.0,0,YUL
M0018113,Engaged Points Buyers,Base,0.1895,Low,10.0,137400.0,1.0,312.89,77.0,0,YWG
M0007295,Engaged Points Buyers,Base,0.1889,Low,12.0,23900.0,1.0,275.51,385.0,23287,YUL
M0030714,Engaged Points Buyers,Silver,0.1881,Low,3.0,0.0,1.0,549.41,256.0,84818,YYZ
M0005999,Engaged Points Buyers,Base,0.1872,Low,11.0,152800.0,1.0,160.88,41.0,0,YEG
M0013695,Engaged Points Buyers,Base,0.1866,Low,7.0,130400.0,1.0,90.71,58.0,0,YVR
M0022151,Engaged Points Buyers,Gold,0.1862,Low,11.0,23900.0,1.0,854.13,297.0,48581,YUL
M0038118,Engaged Points Buyers,Gold,0.186,Low,3.0,0.0,2.0,497.33,50.0,23182,YVR
M0032118,Engaged Points Buyers,Base,0.186,Low,5.0,20200.0,1.0,378.66,299.0,35076,YYC
M0028877,Engaged Points Buyers,Base,0.1858,Low,3.0,44800.0,1.0,201.92,158.0,0,YYC
M0027002,Engaged Points Buyers,Base,0.1857,Low,7.0,28000.0,1.0,828.85,269.0,49314,YVR
M0013674,Engaged Points Buyers,Gold,0.1848,Low,5.0,22900.0,1.0,277.6,500.0,32389,YVR
M0006667,Engaged Points Buyers,Base,0.1848,Low,4.0,23700.0,1.0,274.61,191.0,23793,YYZ
M0029592,Engaged Points Buyers,Base,0.1835,Low,6.0,91400.0,1.0,246.41,267.0,0,YYZ
M0020718,Engaged Points Buyers,Base,0.1832,Low,15.0,398800.0,1.0,61.65,137.0,0,YUL
M0010777,Engaged Points Buyers,Silver,0.1832,Low,32.0,174900.0,1.0,467.63,41.0,102935,YUL
M0000671,Engaged Points Buyers,Base,0.1832,Low,2.0,12500.0,1.0,187.78,141.0,32950,YWG
M0006449,Engaged Points Buyers,Gold,0.1827,Low,25.0,53600.0,1.0,776.04,19.0,240954,YYC
M0022920,Engaged Points Buyers,Silver,0.1825,Low,9.0,131600.0,1.0,237.67,126.0,0,YVR
M0039322,Engaged Points Buyers,Base,0.1818,Low,7.0,165900.0,1.0,197.25,39.0,0,YYZ
M0016620,Engaged Points Buyers,Base,0.1814,Low,7.0,47700.0,1.0,114.5,328.0,0,YOW
M0007276,Engaged Points Buyers,Gold,0.1813,Low,5.0,233200.0,1.0,394.02,164.0,0,YYC
M0000655,Engaged Points Buyers,Silver,0.1812,Low,63.0,96400.0,1.0,392.24,45.0,420618,YYZ
M0034302,Engaged Points Buyers,Base,0.1802,Low,5.0,26200.0,1.0,109.33,300.0,15487,YUL
M0014833,Engaged Points Buyers,Base,0.1798,Low,5.0,98100.0,1.0,360.95,142.0,0,YUL
M0038898,Engaged Points Buyers,Gold,0.178,Low,8.0,105700.0,1.0,234.72,117.0,0,YYZ
M0016958,Engaged Points Buyers,Base,0.1778,Low,4.0,13900.0,1.0,335.26,183.0,8090,YOW
M0015450,Engaged Points Buyers,Silver,0.1775,Low,2.0,18700.0,1.0,434.13,365.0,9731,YEG
M0024158,Engaged Points Buyers,Platinum,0.1771,Low,9.0,97400.0,1.0,1479.9,190.0,0,YHZ
M0022118,Engaged Points Buyers,Base,0.1771,Low,7.0,164400.0,1.0,143.31,49.0,0,YHZ
M0008143,Engaged Points Buyers,Base,0.1758,Low,5.0,21300.0,1.0,207.38,223.0,0,YUL
M0027155,Engaged Points Buyers,Base,0.1753,Low,12.0,153700.0,1.0,381.28,34.0,0,YYZ
M0023247,Engaged Points Buyers,Gold,0.1738,Low,17.0,182500.0,1.0,206.38,196.0,0,YUL
M0039100,Engaged Points Buyers,Base,0.1736,Low,4.0,22200.0,1.0,232.72,358.0,3014,YHZ
M0032275,Engaged Points Buyers,Base,0.1735,Low,13.0,59500.0,1.0,542.0,244.0,0,YYZ
M0035612,Engaged Points Buyers,Silver,0.1734,Low,6.0,99600.0,1.0,424.54,283.0,0,YEG
M0019995,Engaged Points Buyers,Base,0.1731,Low,7.0,20300.0,1.0,487.88,262.0,41146,YVR
M0014510,Engaged Points Buyers,Base,0.173,Low,4.0,42900.0,1.0,256.81,262.0,0,YOW
M0001581,Engaged Points Buyers,Base,0.173,Low,13.0,134700.0,1.0,413.32,206.0,0,YUL
M0015638,Engaged Points Buyers,Silver,0.1729,Low,8.0,52700.0,1.0,197.49,38.0,3493,YUL
M0023919,Engaged Points Buyers,Base,0.1729,Low,11.0,45400.0,1.0,155.72,13.0,0,YUL
M0007505,Engaged Points Buyers,Gold,0.1728,Low,15.0,98900.0,1.0,488.74,195.0,0,YYZ
M0025994,Engaged Points Buyers,Base,0.1727,Low,6.0,26900.0,1.0,368.28,267.0,3986,YEG
M0027707,Engaged Points Buyers,Base,0.1722,Low,3.0,53000.0,1.0,396.16,63.0,0,YYZ
M0017775,Engaged Points Buyers,Gold,0.1718,Low,8.0,84600.0,1.0,325.25,120.0,0,YVR
M0028571,Engaged Points Buyers,Base,0.1717,Low,8.0,38000.0,1.0,308.43,53.0,48073,YHZ
M0038573,Engaged Points Buyers,Silver,0.1716,Low,7.0,50400.0,1.0,417.91,53.0,2897,YYZ
M0005264,Engaged Points Buyers,Gold,0.1716,Low,5.0,50600.0,1.0,654.58,331.0,0,YUL
M0004280,Engaged Points Buyers,Base,0.1715,Low,11.0,149200.0,1.0,423.27,109.0,0,YYZ
M0032418,Engaged Points Buyers,Base,0.1711,Low,8.0,121400.0,1.0,299.26,192.0,0,YVR
M0009489,Engaged Points Buyers,Gold,0.1708,Low,28.0,172700.0,1.0,230.93,9.0,39951,YYZ
M0029780,Engaged Points Buyers,Base,0.1701,Low,8.0,45200.0,1.0,309.17,55.0,44925,YVR
M0025514,Engaged Points Buyers,Silver,0.17,Low,5.0,78500.0,1.0,235.03,201.0,0,YYZ
M0014258,Engaged Points Buyers,Base,0.1698,Low,19.0,215300.0,1.0,232.74,147.0,0,YUL
M0014243,Engaged Points Buyers,Gold,0.1693,Low,11.0,20800.0,1.0,240.31,180.0,56965,YYZ
M0006959,Engaged Points Buyers,Base,0.1689,Low,4.0,43500.0,1.0,85.14,252.0,4696,YVR
M0009346,Engaged Points Buyers,Base,0.1684,Low,10.0,30400.0,1.0,328.1,145.0,17047,YYZ
M0005675,Engaged Points Buyers,Silver,0.1678,Low,4.0,0.0,1.0,498.08,118.0,54483,YOW
M0028885,Engaged Points Buyers,Base,0.1675,Low,6.0,16400.0,1.0,115.71,26.0,37396,YYZ
M0003959,Engaged Points Buyers,Silver,0.1671,Low,4.0,75400.0,1.0,301.72,1.0,0,YYZ
M0039043,Engaged Points Buyers,Base,0.1669,Low,3.0,37100.0,1.0,185.9,196.0,0,YYC
M0034800,Engaged Points Buyers,Gold,0.1666,Low,7.0,98200.0,1.0,244.81,141.0,0,YYC
M0003279,Engaged Points Buyers,Base,0.1664,Low,10.0,40500.0,1.0,121.65,158.0,14950,YYZ
M0016360,Engaged Points Buyers,Gold,0.1664,Low,9.0,204400.0,1.0,637.4,47.0,0,YYC
M0029562,Engaged Points Buyers,Base,0.1658,Low,14.0,135700.0,1.0,358.42,4.0,0,YWG
M0032088,Engaged Points Buyers,Silver,0.1657,Low,10.0,64800.0,1.0,93.65,192.0,0,YWG
M0025545,Engaged Points Buyers,Silver,0.1656,Low,17.0,0.0,1.0,457.29,47.0,170707,YYZ
M0014803,Engaged Points Buyers,Silver,0.1655,Low,5.0,51900.0,1.0,259.11,283.0,0,YYZ
M0009884,Engaged Points Buyers,Base,0.1654,Low,12.0,105300.0,1.0,154.18,188.0,0,YVR
M0034263,Engaged Points Buyers,Silver,0.1653,Low,9.0,131600.0,1.0,286.03,182.0,0,YUL
M0012632,Engaged Points Buyers,Gold,0.1651,Low,11.0,111000.0,1.0,153.16,205.0,0,YUL
M0006302,Engaged Points Buyers,Base,0.163,Low,9.0,19700.0,1.0,408.81,146.0,21808,YVR
M0016148,Engaged Points Buyers,Silver,0.1626,Low,8.0,26900.0,1.0,317.17,266.0,25993,YUL
M0035348,Engaged Points Buyers,Base,0.1614,Low,2.0,0.0,1.0,896.74,244.0,85412,YYZ
M0003077,Engaged Points Buyers,Base,0.1611,Low,13.0,0.0,1.0,542.22,100.0,106161,YOW
M0001270,Engaged Points Buyers,Base,0.1606,Low,8.0,49200.0,1.0,186.7,33.0,0,YVR
M0023109,Engaged Points Buyers,Base,0.1604,Low,8.0,196400.0,1.0,182.28,220.0,0,YYC
M0005976,Engaged Points Buyers,Base,0.1589,Low,7.0,18800.0,1.0,118.73,239.0,2048,YUL
M0002353,Engaged Points Buyers,Base,0.1589,Low,5.0,45300.0,1.0,753.57,97.0,12351,YVR
M0018762,Engaged Points Buyers,Base,0.1589,Low,10.0,29100.0,1.0,229.43,292.0,28842,YYC
M0025974,Engaged Points Buyers,Base,0.1587,Low,7.0,122100.0,1.0,325.14,139.0,0,YUL
M0033523,Engaged Points Buyers,Base,0.1586,Low,9.0,51900.0,1.0,472.92,177.0,1096,YVR
M0006341,Engaged Points Buyers,Silver,0.1584,Low,5.0,21100.0,1.0,204.71,102.0,0,YYZ
M0026997,Engaged Points Buyers,Base,0.1583,Low,13.0,118500.0,1.0,398.9,192.0,0,YYZ
M0032828,Engaged Points Buyers,Silver,0.1574,Low,7.0,30400.0,1.0,207.87,372.0,0,YEG
M0034766,Engaged Points Buyers,Silver,0.1565,Low,18.0,24900.0,1.0,113.24,342.0,61409,YUL
M0026241,Engaged Points Buyers,Base,0.1563,Low,5.0,70400.0,1.0,209.22,65.0,0,YYZ
M0000335,Engaged Points Buyers,Gold,0.1557,Low,1.0,0.0,2.0,344.27,35.0,32999,YUL
M0037160,Engaged Points Buyers,Base,0.1554,Low,21.0,132300.0,1.0,324.32,89.0,0,YYZ
M0004512,Engaged Points Buyers,Base,0.1548,Low,6.0,78200.0,1.0,225.33,74.0,0,YOW
M0035527,Engaged Points Buyers,Base,0.1546,Low,9.0,33400.0,1.0,185.65,278.0,0,YVR
M0038060,Engaged Points Buyers,Base,0.1541,Low,6.0,0.0,1.0,131.42,131.0,56243,YVR
M0024792,Engaged Points Buyers,Base,0.1539,Low,6.0,27600.0,1.0,257.92,116.0,24174,YVR
M0029866,Engaged Points Buyers,Gold,0.1532,Low,10.0,47800.0,1.0,702.15,10.0,10544,YUL
M0024604,Engaged Points Buyers,Base,0.1524,Low,4.0,24900.0,1.0,320.66,197.0,0,YOW
M0021748,Engaged Points Buyers,Base,0.1517,Low,8.0,30800.0,1.0,265.85,44.0,13272,YVR
M0007967,Engaged Points Buyers,Platinum,0.1514,Low,1.0,0.0,1.0,427.76,179.0,42143,YYC
M0025895,Engaged Points Buyers,Silver,0.1513,Low,3.0,22300.0,1.0,176.08,89.0,0,YEG
M0005303,Engaged Points Buyers,Silver,0.1512,Low,7.0,0.0,1.0,135.49,38.0,103414,YYZ
M0028339,Engaged Points Buyers,Gold,0.1507,Low,9.0,101500.0,1.0,156.42,41.0,0,YVR
M0031790,Engaged Points Buyers,Silver,0.1504,Low,6.0,23000.0,1.0,990.94,202.0,73258,YYZ
M0016974,Engaged Points Buyers,Base,0.1503,Low,8.0,50700.0,1.0,323.57,368.0,8591,YYZ
M0019397,Engaged Points Buyers,Base,0.1496,Low,11.0,61900.0,1.0,215.11,303.0,0,YHZ
M0027026,Engaged Points Buyers,Base,0.1495,Low,1.0,0.0,1.0,303.11,134.0,46799,YYZ
M0004833,Engaged Points Buyers,Silver,0.1492,Low,9.0,50600.0,1.0,69.98,103.0,0,YYZ
M0001765,Engaged Points Buyers,Silver,0.1489,Low,4.0,25400.0,1.0,222.09,156.0,0,YUL
M0024483,Engaged Points Buyers,Base,0.1475,Low,10.0,43700.0,1.0,69.28,55.0,0,YUL
M0005068,Engaged Points Buyers,Base,0.1474,Low,12.0,47900.0,1.0,210.31,144.0,0,YYZ
M0004388,Engaged Points Buyers,Silver,0.1473,Low,6.0,26800.0,1.0,64.42,100.0,12677,YYZ
M0022911,Engaged Points Buyers,Base,0.1451,Low,4.0,40800.0,1.0,174.16,2.0,0,YEG
M0019153,Engaged Points Buyers,Base,0.1451,Low,13.0,33700.0,1.0,371.13,151.0,64146,YWG
M0019850,Engaged Points Buyers,Silver,0.145,Low,6.0,76600.0,1.0,112.55,25.0,0,YHZ
M0014332,Engaged Points Buyers,Base,0.144,Low,4.0,35900.0,1.0,882.33,91.0,2965,YYZ
M0018582,Engaged Points Buyers,Gold,0.1433,Low,10.0,35600.0,1.0,278.03,98.0,0,YYC
M0031597,Engaged Points Buyers,Silver,0.1429,Low,9.0,52100.0,1.0,306.14,386.0,0,YVR
M0023298,Engaged Points Buyers,Base,0.1427,Low,36.0,36000.0,1.0,465.63,17.0,104466,YUL
M0039690,Engaged Points Buyers,Base,0.1424,Low,9.0,103100.0,1.0,545.8,176.0,0,YYZ
M0030355,Engaged Points Buyers,Silver,0.142,Low,4.0,0.0,1.0,361.57,87.0,50222,YVR
M0038280,Engaged Points Buyers,Base,0.1416,Low,9.0,97500.0,1.0,89.17,110.0,0,YYZ
M0018585,Engaged Points Buyers,Silver,0.1412,Low,7.0,41000.0,1.0,122.64,51.0,0,YYZ
M0011284,Engaged Points Buyers,Base,0.1398,Low,8.0,15800.0,1.0,228.76,127.0,18220,YYC
M0003879,Engaged Points Buyers,Silver,0.1396,Low,5.0,0.0,1.0,847.78,163.0,57951,YUL
M0005488,Engaged Points Buyers,Base,0.1395,Low,2.0,0.0,1.0,317.23,124.0,32625,YUL
M0023225,Engaged Points Buyers,Platinum,0.1392,Low,20.0,121500.0,1.0,171.22,102.0,0,YYZ
M0019890,Engaged Points Buyers,Base,0.1387,Low,4.0,0.0,1.0,424.12,13.0,62722,YUL
M0008131,Engaged Points Buyers,Base,0.1368,Low,9.0,44100.0,1.0,297.27,102.0,0,YVR
M0022562,Engaged Points Buyers,Silver,0.1352,Low,7.0,41600.0,1.0,335.23,233.0,0,YYZ
M0010006,Engaged Points Buyers,Base,0.1347,Low,10.0,29100.0,1.0,359.72,242.0,10144,YVR
M0038146,Engaged Points Buyers,Base,0.1342,Low,4.0,0.0,1.0,926.93,51.0,56424,YYC
M0026666,Engaged Points Buyers,Silver,0.1337,Low,6.0,0.0,1.0,479.72,51.0,40129,YVR
M0007524,Engaged Points Buyers,Base,0.1334,Low,4.0,23800.0,1.0,86.98,21.0,0,YYC
M0030840,Engaged Points Buyers,Base,0.1317,Low,5.0,0.0,1.0,308.04,21.0,29185,YYZ
M0002376,Engaged Points Buyers,Base,0.1315,Low,6.0,0.0,1.0,281.78,32.0,54208,YUL
M0038663,Engaged Points Buyers,Gold,0.1304,Low,7.0,0.0,1.0,282.21,62.0,114647,YEG
M0019777,Engaged Points Buyers,Gold,0.1301,Low,11.0,0.0,1.0,515.76,54.0,66337,YEG
M0000047,Engaged Points Buyers,Base,0.1298,Low,4.0,0.0,1.0,352.43,3.0,45281,YUL
M0011350,Engaged Points Buyers,Base,0.1265,Low,1.0,0.0,1.0,200.6,72.0,13456,YYZ
M0006802,Engaged Points Buyers,Base,0.1248,Low,1.0,0.0,1.0,194.85,11.0,18519,YYZ
M0029499,Engaged Points Buyers,Base,0.1243,Low,1.0,0.0,1.0,234.75,130.0,15812,YYZ
M0036786,Engaged Points Buyers,Base,0.1198,Low,16.0,0.0,1.0,451.37,11.0,77492,YOW
M0027424,Engaged Points Buyers,Platinum,0.1176,Low,7.0,0.0,1.0,345.05,37.0,43379,YYZ
M0039609,Engaged Points Buyers,Silver,0.1173,Low,6.0,0.0,1.0,277.91,53.0,36805,YOW
M0017812,Engaged Points Buyers,Gold,0.1167,Low,9.0,0.0,1.0,582.77,108.0,52252,YOW
M0009861,Engaged Points Buyers,Gold,0.1124,Low,6.0,0.0,1.0,592.7,98.0,41439,YYZ
M0020526,Engaged Points Buyers,Silver,0.1052,Low,7.0,0.0,1.0,317.66,41.0,31372,YYZ
